PFId,AllNm,PrjCode,OPSCodeAgg,EmgAgg,AllYr,AllSrc,OrgNm,OrgTypeId,PrjTitle,AStrDt,AEndDt,PrjDur,PrgBdg,BgdDC,BdgSC,PrjSubDt,BenAgg,PrjGM,PrjStsNm,PrjStsId,PrjStsCode,PartCode,ApprDt
15,Scale up and expand multisectoral assistance in hyper-prioritised locations,CBPF-SUD-26-R-INGO-NSFT-39201,,,2026,1,International NGO,2,"Life-saving multi-purpose cash assistance in 9 hyper-prioritized IPC 4/5 localities in North Darfur, White Nile, North Kordofan and South Kordofan",3/20/2026 12:00:00 AM,9/19/2026 12:00:00 AM,6 Months,5000000,4672897,0,3/5/2026 12:53:25 PM,6996##24488##14000##24516,"4- Likely to contribute to gender equality, including across age groups",Implementation,6,PRJ_IMPL_RPT,310169.2160,3/23/2026 9:23:15 PM
15,Scale up and expand multisectoral assistance in hyper-prioritised locations,CBPF-SUD-26-R-INGO-NSFT-39202,,,2026,1,International NGO,2,"Integrated Multi-Sectoral Emergency Response for IDPs and Host Communities in Tawila, Al Twisha, and Al Lait, North Darfur",3/22/2026 12:00:00 AM,9/21/2026 12:00:00 AM,6 Months,2500000,2336449,0,3/5/2026 1:11:50 PM,5990##6810##9350##7850,"4- Likely to contribute to gender equality, including across age groups",Implementation,6,PRJ_IMPL_RPT,313650.7072,3/24/2026 2:32:48 PM
15,Scale up and expand multisectoral assistance in hyper-prioritised locations,CBPF-SUD-26-R-INGO-NSFT-39204,,,2026,1,International NGO,2,Scale-Up of Multi-Purpose Cash Assistance and Group Cash Transfers to Address Acute Multisectoral Needs in Hyper-Prioritized Locations of Sudan ,4/1/2026 12:00:00 AM,9/30/2026 12:00:00 AM,6 Months,3000000,2803738,0,3/5/2026 2:41:45 PM,8520##9860##11330##11258,"4- Likely to contribute to gender equality, including across age groups",Implementation,6,PRJ_IMPL_RPT,313255.0832,3/24/2026 5:50:42 PM
15,Scale up and expand multisectoral assistance in hyper-prioritised locations,CBPF-SUD-26-R-INGO-NSFT-39206,,,2026,1,International NGO,2,"MPCA assistance in hyper-prioritised localities  inter-sectoral severity localities in North Darfur, Khartoum, Northern State, and AJ Jazirah in Sudan. ",3/30/2026 12:00:00 AM,9/29/2026 12:00:00 AM,6 Months,7000000,6542056,0,3/5/2026 1:28:03 PM,12972##13524##14076##14628,"4- Likely to contribute to gender equality, including across age groups",Disbursement,5,PRJ_DISBURSEMENT,303364.4832,3/26/2026 10:27:17 PM
15,Scale up and expand multisectoral assistance in hyper-prioritised locations,CBPF-SUD-26-R-INGO-NSFT-39209,,,2026,1,International NGO,2,Scaleup  &amp; expansion of Multi sectoral life saving assistance in hyper-prioritized locations of Sudan,3/29/2026 12:00:00 AM,9/28/2026 12:00:00 AM,6 Months,6000000,5607477,0,3/5/2026 12:32:38 PM,20692##27342##12562##13312,"4- Likely to contribute to gender equality, including across age groups",Implementation,6,PRJ_IMPL_RPT,298933.4944,3/25/2026 3:21:09 PM
15,Scale up and expand multisectoral assistance in hyper-prioritised locations,CBPF-SUD-26-R-INGO-NSFT-39210,,,2026,1,International NGO,2,Safe and Dignified Cash-Based Assistance to Crisis-Affected Populations in Sudan's Darfur and Kordofan  ,4/1/2026 12:00:00 AM,9/30/2026 12:00:00 AM,6 Months,3000000,2803738,0,3/5/2026 1:19:57 PM,8210##9574##4924##4652,2- Unlikely to contribute to gender equality (no gender equality measure but includes age consideration),Disbursement,5,PRJ_DISBURSEMENT,299408.2432,3/23/2026 8:38:32 PM
15,Scale up and expand multisectoral assistance in hyper-prioritised locations,CBPF-SUD-26-R-INGO-NSFT-39211,,,2026,1,International NGO,2,SHF Scale up  - DRC: Integrated Mine Action Response in Hyper-Prioritized Conflict-Affected Areas 2026,3/29/2026 12:00:00 AM,9/28/2026 12:00:00 AM,6 Months,2500000,2336449,0,3/5/2026 2:12:44 PM,16399##16537##18633##18214,"4- Likely to contribute to gender equality, including across age groups",Disbursement,5,PRJ_DISBURSEMENT,306054.7264,3/26/2026 10:26:27 PM
15,Scale up and expand multisectoral assistance in hyper-prioritised locations,CBPF-SUD-26-R-INGO-NSFT-39215,,,2026,1,International NGO,2,Multi-sectoral cash Assistance for conflict affected Populations in Khartoum and Blue Nile (MAP),4/1/2026 12:00:00 AM,9/30/2026 12:00:00 AM,6 Months,3000000,2803738,0,3/5/2026 12:48:59 PM,6098##9906##11048##11048,"4- Likely to contribute to gender equality, including across age groups",Disbursement,5,PRJ_DISBURSEMENT,297983.9968,3/23/2026 8:22:01 PM
15,Scale up and expand multisectoral assistance in hyper-prioritised locations,CBPF-SUD-26-R-INGO-NSFT-39216,,,2026,1,International NGO,2,Emergency Pipeline Support in Sudan ,4/1/2026 12:00:00 AM,9/30/2026 12:00:00 AM,6 Months,2.5E+07,2.336449E+07,0,3/5/2026 2:11:27 PM,95542##220360##215244##224036,"4- Likely to contribute to gender equality, including across age groups",Disbursement,5,PRJ_IP_CNT_SIG,299329.1184,1/1/0001 12:00:00 AM
15,Scale up and expand multisectoral assistance in hyper-prioritised locations,CBPF-SUD-26-R-INGO-NSFT-39219,,,2026,1,International NGO,2,Multisectoral cash-based assistance response in Darfurs and Kordofans,4/1/2026 12:00:00 AM,9/30/2026 12:00:00 AM,6 Months,6000000,5607477,0,3/4/2026 4:02:45 PM,24373##26406##23357##27420,2- Unlikely to contribute to gender equality (no gender equality measure but includes age consideration),Implementation,6,PRJ_IMPL_RPT,307953.7216,3/25/2026 3:18:02 PM
15,Scale up and expand multisectoral assistance in hyper-prioritised locations,CBPF-SUD-26-R-INGO-NSFT-39222,,,2026,1,International NGO,2,"Integrated lifesaving multipurpose cash assistance to save lives and promote resilience in vulnerable populations in crisis- affected communities in South Darfur, East Darfur and Blue Nile",3/18/2026 12:00:00 AM,9/17/2026 12:00:00 AM,6 Months,4000000,3738318,0,3/5/2026 3:00:04 PM,11023##13591##7618##10291,"4- Likely to contribute to gender equality, including across age groups",Implementation,6,PRJ_IMPL_RPT,305896.4768,3/23/2026 8:23:03 PM
15,Scale up and expand multisectoral assistance in hyper-prioritised locations,CBPF-SUD-26-R-INGO-NSFT-39234,,,2026,1,International NGO,2,Scaling Up Multisectoral Cash and Protection Assistance in Hyper-Prioritised Locations of Sudan,4/1/2026 12:00:00 AM,9/30/2026 12:00:00 AM,6 Months,5500000,5140187,0,3/5/2026 1:57:25 PM,8850##9596##8848##9596,"4- Likely to contribute to gender equality, including across age groups",Implementation,6,PRJ_IMPL_RPT,297904.8720,3/24/2026 5:51:19 PM
15,Scale up and expand multisectoral assistance in hyper-prioritised locations,CBPF-SUD-26-R-INGO-NSFT-39280,,,2026,1,International NGO,2,"Multi-sectoral Lifesaving Assistance for the Most Vulnerable People in South Kordofan, North Darfur, West Darfur, Central Darfur and South Darfur, Sud",4/1/2026 12:00:00 AM,9/30/2026 12:00:00 AM,6 Months,8000000,7476636,0,3/5/2026 12:58:30 PM,19127##25368##13361##17105,"4- Likely to contribute to gender equality, including across age groups",Disbursement,5,PRJ_DISBURSEMENT,302414.9856,3/26/2026 10:28:02 PM
15,Scale up and expand multisectoral assistance in hyper-prioritised locations,CBPF-SUD-26-R-UN-NSFT-39208,,,2026,1,UN Agency,3,"Rapid Life-Saving Shelter/NFI, Cash and Protection Assistance in Sudan",3/16/2026 12:00:00 AM,9/15/2026 12:00:00 AM,6 Months,1.5E+07,1.408451E+07,0,3/5/2026 12:11:33 PM,41356##61829##50705##67720,"4- Likely to contribute to gender equality, including across age groups",Disbursement,5,PRJ_DISBURSEMENT,304946.9792,3/27/2026 2:45:08 PM
15,Scale up and expand multisectoral assistance in hyper-prioritised locations,CBPF-SUD-26-R-UN-NSFT-39213,,,2026,1,UN Agency,3,"Procurement and distribution of health, nutrition and WASH supplies to reach the most vulnerable children and families in 84 hyper-prioritized localities in Sudan with lifesaving assistance. ",4/1/2026 12:00:00 AM,9/30/2026 12:00:00 AM,6 Months,3E+07,2.803738E+07,0,3/5/2026 2:37:39 PM,816200##952300##829100##903100,"3- Likely to contribute to gender equality, but without attention to age groups",Implementation,6,PRJ_IMPL_RPT,305026.1040,3/23/2026 8:24:08 PM
15,Scale up and expand multisectoral assistance in hyper-prioritised locations,CBPF-SUD-26-R-UN-NSFT-39218,,,2026,1,UN Agency,3,Emergency Multisectoral Assistance for Newly Displaced and Vulnerable Populations in Hyper‑Prioritized High‑Risk Conflict Areas,3/15/2026 12:00:00 AM,9/14/2026 12:00:00 AM,6 Months,1.7E+07,1.588785E+07,0,3/4/2026 2:54:31 PM,108675##128800##84525##80500,"4- Likely to contribute to gender equality, including across age groups",Disbursement,5,PRJ_IP_CNT_SIG,300832.4896,1/1/0001 12:00:00 AM
15,Scale up and expand multisectoral assistance in hyper-prioritised locations,CBPF-SUD-26-R-UN-NSFT-39225,,,2026,1,UN Agency,3,Scaling up security support to enable essential UN programme delivery and protection activities in North Darfur and the Kordofans,4/1/2026 12:00:00 AM,9/30/2026 12:00:00 AM,6 Months,500000,467289.8,0,3/5/2026 12:42:37 PM,496##504##0##0,1- Unlikely to contribute to gender equality (no gender equality measure and no age consideration),Technical Review,3,PRJ_TR_DRFT,304709.6048,1/1/0001 12:00:00 AM
15,Scale up and expand multisectoral assistance in hyper-prioritised locations,CBPF-SUD-26-R-UN-NSFT-39284,,,2026,1,UN Agency,3,Emergency Food Assistance and Common Logistics Services for Highly Food‑Insecure Communities in Hyper‑Prioritized Inter‑Cluster Priority Localities,4/1/2026 12:00:00 AM,9/30/2026 12:00:00 AM,6 Months,5.15E+07,4.835681E+07,0,3/5/2026 1:43:28 PM,361583##463569##469132##559992,"4- Likely to contribute to gender equality, including across age groups",Disbursement,5,PRJ_IP_CNT_SIG,305579.9776,1/1/0001 12:00:00 AM
19,Provision of life-saving humanitarian assistance to people with urgent needs,CBPF-SSD-26-R-INGO-NSFT-39251,,,2026,1,NORWEGIAN CHURCH AID,2,Integrated response to Humanitarian crisis in South Sudan,4/1/2026 12:00:00 AM,9/30/2026 12:00:00 AM,6 Months,2181824,2039088,0,3/12/2026 7:35:16 PM,6084##7143##6615##6615,"4- Likely to contribute to gender equality, including across age groups",Disbursement,5,PRJ_DISBURSEMENT,451751.3280,3/26/2026 11:20:12 PM
19,Provision of life-saving humanitarian assistance to people with urgent needs,CBPF-SSD-26-R-INGO-NSFT-39252,,,2026,1,Solidarités International,2,Life-saving WASH assistance targeting vulnerable individuals affected by the crisis - Malakal and Renk,4/1/2026 12:00:00 AM,9/30/2026 12:00:00 AM,6 Months,1203032,1124329,0,3/12/2026 6:46:47 PM,13902##15227##17874##19197,"4- Likely to contribute to gender equality, including across age groups",Disbursement,5,PRJ_DISBURSEMENT,432217.4720,3/27/2026 1:34:24 AM
19,Provision of life-saving humanitarian assistance to people with urgent needs,CBPF-SSD-26-R-INGO-NSFT-39254,,,2026,1,International Medical Corps UK,2,"Provision of Integrated Life-Saving Health and Nutrition Services to Highly Vulnerable Populations (IDPs, Returnees, and Host Communities) in Canal Pigi, Fashoda and Malakal Counties, South Sudan. ",4/1/2026 12:00:00 AM,9/30/2026 12:00:00 AM,6 Months,1944647,1817427,0,3/12/2026 12:34:12 PM,11427##21130##23717##24997,"4- Likely to contribute to gender equality, including across age groups",Disbursement,5,PRJ_IP_CNT_SIG,439264.4960,1/1/0001 12:00:00 AM
19,Provision of life-saving humanitarian assistance to people with urgent needs,CBPF-SSD-26-R-INGO-NSFT-39257,,,2026,1,Save the Children,2,Integrated Emergency Life-Saving Humanitarian Assistance to vulnerable communities in Abyei and Kapoeta East.,4/1/2026 12:00:00 AM,9/30/2026 12:00:00 AM,6 Months,1904305,1779724,0,3/12/2026 1:32:25 PM,5722##6228##8346##8346,"4- Likely to contribute to gender equality, including across age groups",Disbursement,5,PRJ_DISBURSEMENT,433948.3200,3/27/2026 1:50:49 AM
19,Provision of life-saving humanitarian assistance to people with urgent needs,CBPF-SSD-26-R-INGO-NSFT-39259,,,2026,1,Danish Refugee Council,2,"Life-Saving Protection and Emergency Shelter Response for Conflict-Affected Populations in Malakal, Fashoda and Abyei",3/23/2026 12:00:00 AM,9/22/2026 12:00:00 AM,6 Months,1786931,1670029,0,3/11/2026 8:29:01 PM,7310##8540##8507##8650,"4- Likely to contribute to gender equality, including across age groups",Disbursement,5,PRJ_DISBURSEMENT,430610.2560,3/25/2026 5:45:19 PM
19,Provision of life-saving humanitarian assistance to people with urgent needs,CBPF-SSD-26-R-INGO-NSFT-39260,,,2026,1,Norwegian Refugee Council,2,"Life-Saving WASH and Shelter Humanitarian Assistance for Populations with urgent needs in Aweil East County, NBEG  ",4/1/2026 12:00:00 AM,9/30/2026 12:00:00 AM,6 Months,1795769,1678289,0,3/9/2026 2:15:14 PM,13581##14761##15353##15353,"4- Likely to contribute to gender equality, including across age groups",Disbursement,5,PRJ_DISBURSEMENT,433330.1600,3/25/2026 5:48:02 PM
19,Provision of life-saving humanitarian assistance to people with urgent needs,CBPF-SSD-26-R-INGO-NSFT-39261,,,2026,1,World Relief,2,"Provision of Life-Saving Integrated WASH Assistance to Flood and Conflict-Affected Vulnerable Communities in Leer County, Unity State",4/1/2026 12:00:00 AM,9/30/2026 12:00:00 AM,6 Months,1082680,1011851,0,3/12/2026 8:07:55 PM,8630##9415##10199##10984,"4- Likely to contribute to gender equality, including across age groups",Disbursement,5,PRJ_DISBURSEMENT,433701.0560,3/26/2026 7:20:38 PM
19,Provision of life-saving humanitarian assistance to people with urgent needs,CBPF-SSD-26-R-INGO-NSFT-39265,,,2026,1,GOAL,2,Provision of life-saving humanitarian assistance to people with urgent needs in Twic County.   ,4/1/2026 12:00:00 AM,9/30/2026 12:00:00 AM,6 Months,2221493,2076162,0,3/12/2026 4:22:35 PM,6365##12165##19270##20875,"4- Likely to contribute to gender equality, including across age groups",Disbursement,5,PRJ_IP_CNT_SIG,436173.6960,1/1/0001 12:00:00 AM
19,Provision of life-saving humanitarian assistance to people with urgent needs,CBPF-SSD-26-R-INGO-NSFT-39266,,,2026,1,For AFRIKA TO THRIVE,2,Provision of life-saving nutrition and WASH assistance to people with urgent needs in Pibor,4/1/2026 12:00:00 AM,9/30/2026 12:00:00 AM,6 Months,1212378,1133064,0,3/11/2026 5:49:57 PM,6468##11034##15123##15467,"4- Likely to contribute to gender equality, including across age groups",Disbursement,5,PRJ_DISBURSEMENT,444333.4080,3/25/2026 4:09:27 PM
19,Provision of life-saving humanitarian assistance to people with urgent needs,CBPF-SSD-26-R-INGO-NSFT-39267,,,2026,1,Relief International,2,"Lifesaving Health, Nutrition, and WASH Assistance for Crisis-Affected Populations in Renk and Maban, South Sudan",4/1/2026 12:00:00 AM,9/30/2026 12:00:00 AM,6 Months,2361715,2207211,0,3/12/2026 7:02:30 PM,17097##18787##5904##6221,"4- Likely to contribute to gender equality, including across age groups",Disbursement,5,PRJ_DISBURSEMENT,435555.5360,3/25/2026 5:46:37 PM
19,Provision of life-saving humanitarian assistance to people with urgent needs,CBPF-SSD-26-R-INGO-NSFT-39268,,,2026,1,"International Rescue Committee, Inc.",2,"Provision of life-saving Health, Nutrition, and Protection services to people with urgent needs in Aweil East and Pariang",4/1/2026 12:00:00 AM,9/30/2026 12:00:00 AM,6 Months,1990163,1859966,0,3/12/2026 9:13:37 AM,5618##37996##47230##50966,"4- Likely to contribute to gender equality, including across age groups",HC Final Approval,4,PRJ_IP_SUB_GA_TO_HFU,430486.6240,1/1/0001 12:00:00 AM
19,Provision of life-saving humanitarian assistance to people with urgent needs,CBPF-SSD-26-R-INGO-NSFT-39271,,,2026,1,World Vision International,2,"Provision of Lifesaving emergency WASH services in Panyikang County, Upper Nile.",3/23/2026 12:00:00 AM,9/22/2026 12:00:00 AM,6 Months,1402033,1310311,0,3/12/2026 1:25:35 PM,10668##14731##12191##13208,"3- Likely to contribute to gender equality, but without attention to age groups",Disbursement,5,PRJ_DISBURSEMENT,496382.4800,3/25/2026 4:04:01 PM
19,Provision of life-saving humanitarian assistance to people with urgent needs,CBPF-SSD-26-R-INGO-NSFT-39279,,,2026,1,Concern Worldwide,2,"UNITY - Lifesaving Nutrition, Health, and WASH Support to Affected Populations",4/1/2026 12:00:00 AM,9/30/2026 12:00:00 AM,6 Months,1862677,1740820,0,3/12/2026 2:35:00 PM,6321##10676##9230##10873,"4- Likely to contribute to gender equality, including across age groups",Disbursement,5,PRJ_DISBURSEMENT,438028.1760,3/27/2026 3:17:28 PM
19,Provision of life-saving humanitarian assistance to people with urgent needs,CBPF-SSD-26-R-NGO-NSFT-39246,,,2026,1,Coalition for Humanity,1,"Provision of Rapid Integrated Frontline Health Services in Mayendit, Protection and Shelter/NFI Assistance to Crisis Affected Populations in Leer and Fangak Counties, South Sudan",4/1/2026 12:00:00 AM,9/30/2026 12:00:00 AM,6 Months,2130641,1991253,0,3/11/2026 6:59:05 PM,4273##9946##7093##7093,"4- Likely to contribute to gender equality, including across age groups",Disbursement,5,PRJ_DISBURSEMENT,460900.0960,3/25/2026 4:02:45 PM
19,Provision of life-saving humanitarian assistance to people with urgent needs,CBPF-SSD-26-R-NGO-NSFT-39262,,,2026,1,HealthCare Foundation Organization,1,"Provision of life saving with Health, Nutrition, S/NFI and WASH services to people with urgent needs in Fangak County Jonglei state &amp; Fashoda County Upper Nile State South Sudan.",4/1/2026 12:00:00 AM,9/30/2026 12:00:00 AM,6 Months,2534404,2368602,0,3/11/2026 8:07:15 PM,11250##18750##20250##24749,2- Unlikely to contribute to gender equality (no gender equality measure but includes age consideration),Disbursement,5,PRJ_DISBURSEMENT,462136.4160,3/25/2026 5:44:03 PM
19,Provision of life-saving humanitarian assistance to people with urgent needs,CBPF-SSD-26-R-NGO-NSFT-39292,,,2026,1,WOMEN AGENCY FOR RESILENCE &TRANSFORMATION,1,"Provision of live saving protection and WASH services to vulnerable and affected population in Canal Pigi, Mayardit, Panyikang and Panyijiar Counties.",4/1/2026 12:00:00 AM,9/30/2026 12:00:00 AM,6 Months,1365448,1276120,0,3/11/2026 7:54:12 PM,8341##9342##7675##8007,"4- Likely to contribute to gender equality, including across age groups",Disbursement,5,PRJ_DISBURSEMENT,1373798.7840,3/25/2026 4:05:27 PM
19,Provision of life-saving humanitarian assistance to people with urgent needs,CBPF-SSD-26-R-UN-NSFT-39248,,,2026,1,World Food Programme,3,"Life-Saving Food, Nutrition, and Logistics Assistance for Conflict-Affected Communities in Upper Nile, Jonglei, and Unity",4/1/2026 12:00:00 AM,9/30/2026 12:00:00 AM,6 Months,3.270294E+07,3.070699E+07,0,3/12/2026 6:31:53 PM,47886##76462##134729##153687,"4- Likely to contribute to gender equality, including across age groups",Disbursement,5,PRJ_DISBURSEMENT,428384.8800,3/26/2026 6:48:56 PM
19,Provision of life-saving humanitarian assistance to people with urgent needs,CBPF-SSD-26-R-UN-NSFT-39255,,,2026,1,United Nations Children's Fund,3,Provision of life-saving humanitarian assistance to people with urgent needs,4/1/2026 12:00:00 AM,9/30/2026 12:00:00 AM,6 Months,1.098355E+07,1.0265E+07,0,3/12/2026 5:17:29 PM,15067##36354##342031##374374,"4- Likely to contribute to gender equality, including across age groups",HC Final Approval,4,,428137.6160,1/1/0001 12:00:00 AM
19,Provision of life-saving humanitarian assistance to people with urgent needs,CBPF-SSD-26-R-UN-NSFT-39256,,,2026,1,International Organization for Migration,3,Integrated Multisectoral Humanitarian Response for Vulnerable Populations,4/1/2026 12:00:00 AM,9/30/2026 12:00:00 AM,6 Months,1.150175E+07,1.07493E+07,0,3/12/2026 1:43:59 PM,127537##138848##144977##157608,0- Does not systematically link programming actions,Disbursement,5,PRJ_IP_CNT_SIG,428261.2480,1/1/0001 12:00:00 AM
19,Provision of life-saving humanitarian assistance to people with urgent needs,CBPF-SSD-26-R-UN-NSFT-39300,,,2026,1,United Nations High Commissioner for Refugees,3,Provision of life saving assistance to forcibly displaced persons in South Sudan,4/1/2026 12:00:00 AM,9/30/2026 12:00:00 AM,6 Months,1.20595E+07,1.132348E+07,0,3/12/2026 9:27:19 PM,20134##30854##20838##20695,"4- Likely to contribute to gender equality, including across age groups",HC Final Approval,4,,427766.7200,1/1/0001 12:00:00 AM
19,Provision of life-saving humanitarian assistance to people with urgent needs,CBPF-SSD-26-R-UN-NSFT-39320,,,2026,1,United Nations Office for Project Services,3,Emergency Mine Action Response in Jonglei and Adjacent States,4/1/2026 12:00:00 AM,9/30/2026 12:00:00 AM,6 Months,972000,908411.2,0,3/12/2026 4:07:03 PM,3940##4127##6378##5306,"4- Likely to contribute to gender equality, including across age groups",Disbursement,5,PRJ_IP_CNT_SIG,432835.6320,1/1/0001 12:00:00 AM
53,U.S.-Funded Rapid Life-Saving Response Allocation,CBPF-ETH-26-R-INGO-NSFT-39270,,,2026,1,GOAL,2,"Multi-sectoral Immediate Life-Saving Response to Population Movements, Supporting Refugees with Health and Nutrition Services in Gambella and Amhara regions",3/23/2026 12:00:00 AM,9/22/2026 12:00:00 AM,6 Months,2300000,2149533,0,3/10/2026 2:39:59 PM,123202##142300##126648##143440,"4- Likely to contribute to gender equality, including across age groups",Disbursement,5,PRJ_DISBURSEMENT,2151421.6542,3/27/2026 2:00:36 PM
53,U.S.-Funded Rapid Life-Saving Response Allocation,CBPF-ETH-26-R-INGO-NSFT-39273,,,2026,1,Vétérinaires sans Frontières (Germany),2,Action for Lifesaving Emergency Response in Tigray &amp; Afar (ALERT) regions of Ethiopia.,3/23/2026 12:00:00 AM,9/22/2026 12:00:00 AM,6 Months,2400000,2242991,0,3/11/2026 9:07:06 AM,32611##32518##26940##26821,"4- Likely to contribute to gender equality, including across age groups",Disbursement,5,PRJ_DISBURSEMENT,175378.1978,3/27/2026 9:49:31 AM
53,U.S.-Funded Rapid Life-Saving Response Allocation,CBPF-ETH-26-R-INGO-NSFT-39276,,,2026,1,World Vision International Ethiopia,2,Integrated Response in Amhara and Somali Regions.,3/23/2026 12:00:00 AM,9/22/2026 12:00:00 AM,6 Months,5250000,4906542,0,3/12/2026 10:08:27 AM,100541##104008##92013##96706,"4- Likely to contribute to gender equality, including across age groups",Disbursement,5,PRJ_DISBURSEMENT,558258.3227,3/27/2026 2:19:54 PM
53,U.S.-Funded Rapid Life-Saving Response Allocation,CBPF-ETH-26-R-INGO-NSFT-39278,,,2026,1,Norwegian Refugee Council,2,"Multi-sectoral response for IDPs and Refugees in shock affected priority woredas of Afar, Tigray, Amhara, Oromia, Bennishangul Gumuz, Contested Areas and Somali regions. ",4/1/2026 12:00:00 AM,9/30/2026 12:00:00 AM,6 Months,5100000,4766355,0,3/10/2026 2:49:29 PM,28281##31609##44767##46582,"4- Likely to contribute to gender equality, including across age groups",HC Final Approval,4,PRJ_UND_GA_PREPAR,2211328.0683,1/1/0001 12:00:00 AM
53,U.S.-Funded Rapid Life-Saving Response Allocation,CBPF-ETH-26-R-INGO-NSFT-39285,,,2026,1,Plan International,2,Emergency WASH and Shelter NFI Response for South Sudanese Refugees and IDPs in Gambella,3/23/2026 12:00:00 AM,9/22/2026 12:00:00 AM,6 Months,2000000,1869159,0,3/11/2026 10:11:08 AM,12423##25275##33031##33551,"4- Likely to contribute to gender equality, including across age groups",Disbursement,5,PRJ_DISBURSEMENT,295191.0260,3/27/2026 2:08:22 PM
53,U.S.-Funded Rapid Life-Saving Response Allocation,CBPF-ETH-26-R-INGO-NSFT-39288,,,2026,1,Save the Children Fund,2,"Rapid, life‑saving WASH and ESNFI support for vulnerable IDPs and host communities in Tigray, Amhara, Oromia, and Somali regions of Ethiopia.",4/1/2026 12:00:00 AM,9/30/2026 12:00:00 AM,6 Months,5100000,4766355,0,3/10/2026 10:56:02 AM,61870##63791##49664##48596,"4- Likely to contribute to gender equality, including across age groups",Disbursement,5,PRJ_IP_CNT_SIG,2499573.4231,1/1/0001 12:00:00 AM
53,U.S.-Funded Rapid Life-Saving Response Allocation,CBPF-ETH-26-R-NGO-NSFT-39275,,,2026,1,"Organization for Social Services, Health and Development",1,"Integrated Camp Coordination and Camp Management (CCCM) Services for Life-Saving Assistance in targeted IDP Sites, Tigray Region, Ethiopia",3/23/2026 12:00:00 AM,9/22/2026 12:00:00 AM,6 Months,1199979,1121476,0,3/11/2026 1:57:16 PM,24273##33682##27732##23087,"4- Likely to contribute to gender equality, including across age groups",Disbursement,5,PRJ_DISBURSEMENT,9549429.6911,3/26/2026 8:48:06 PM
53,U.S.-Funded Rapid Life-Saving Response Allocation,CBPF-ETH-26-R-NGO-NSFT-39282,,,2026,1,Fayyaa Integrated Development Organization,1,"Rapid life-saving integrated response to disease outbreaks and acute malnutrition in Oromia Region, Ethiopia. ",4/1/2026 12:00:00 AM,9/30/2026 12:00:00 AM,6 Months,4550000,4252337,0,3/10/2026 1:59:37 PM,43117##56792##96436##99473,"4- Likely to contribute to gender equality, including across age groups",Disbursement,5,PRJ_DISBURSEMENT,1678247.8037,3/26/2026 8:33:57 PM
53,U.S.-Funded Rapid Life-Saving Response Allocation,CBPF-ETH-26-R-NGO-NSFT-39287,,,2026,1,Positive Action for Development,1,Rapid Life-Saving Assistance through Camp Coordination and Multi-Purpose Cash Support for Populations in High-Severity Crisis Areas of Ethiopia.,3/23/2026 12:00:00 AM,9/22/2026 12:00:00 AM,6 Months,1550000,1448598,0,3/11/2026 8:05:27 AM,11598##17360##3900##5838,"4- Likely to contribute to gender equality, including across age groups",Disbursement,5,PRJ_DISBURSEMENT,9531197.3042,3/25/2026 10:27:01 PM
53,U.S.-Funded Rapid Life-Saving Response Allocation,CBPF-ETH-26-R-NGO-NSFT-39293,,,2026,1,Mothers and Children Multisectoral Development Organization,1,Integrated Multisectoral Rapid Life-Saving Response to Disease Outbreaks and Acute Malnutrition in Seven Woredas of Tigray Region and Two Woredas of Contested Areas 3.,4/1/2026 12:00:00 AM,9/30/2026 12:00:00 AM,6 Months,4550000,4252337,0,3/10/2026 1:16:35 PM,30099##52839##22823##33250,"4- Likely to contribute to gender equality, including across age groups",Disbursement,5,PRJ_DISBURSEMENT,1380452.1510,3/26/2026 8:32:36 PM
53,U.S.-Funded Rapid Life-Saving Response Allocation,CBPF-ETH-26-R-UN-NSFT-39286,,,2026,1,International Organization for Migration,3,Multi-sectoral response to population movement in Tigray and Contested Area 2 and multi-purpose cash assistance to support food security in Oromia,4/1/2026 12:00:00 AM,9/30/2026 12:00:00 AM,6 Months,1.165E+07,1.088785E+07,0,3/10/2026 2:59:23 PM,27829##28128##41451##45574,"4- Likely to contribute to gender equality, including across age groups",HC Final Approval,4,PRJ_UND_GA_PREPAR,2173995.0856,1/1/0001 12:00:00 AM
53,U.S.-Funded Rapid Life-Saving Response Allocation,CBPF-ETH-26-R-UN-NSFT-39289,,,2026,1,World Food Programme,3,Ethiopia Life-Saving Food Assistance,3/23/2026 12:00:00 AM,9/22/2026 12:00:00 AM,6 Months,1.6325E+07,1.525701E+07,0,3/11/2026 3:47:14 PM,52251##120297##213738##209214,"4- Likely to contribute to gender equality, including across age groups",Disbursement,5,PRJ_IP_CNT_SIG,2312908.5096,1/1/0001 12:00:00 AM
53,U.S.-Funded Rapid Life-Saving Response Allocation,CBPF-ETH-26-R-UN-NSFT-39302,,,2026,1,Food and Agriculture Organization of the United Nations,3,"Lifesaving Humanitarian Assistance for Farmers, Pastoral and Agropastoral communities impacted by drought in Ethiopia",3/23/2026 12:00:00 AM,9/22/2026 12:00:00 AM,6 Months,9650000,9018692,0,3/10/2026 12:05:41 PM,114568##116580##135676##135676,1- Unlikely to contribute to gender equality (no gender equality measure and no age consideration),Disbursement,5,PRJ_GA_SGN_BY_EO,2430116.7111,1/1/0001 12:00:00 AM
53,U.S.-Funded Rapid Life-Saving Response Allocation,CBPF-ETH-26-R-UN-NSFT-39322,,,2026,1,United Nations Children's Fund,3,"Life-Saving Health, Nutrition and Safe Water Supply for vulnerable people in priority woredas affected by disease outbreaks and Acute malnutrition in Amhara, Oromia, Somali and Tigray Regions",4/1/2026 12:00:00 AM,9/30/2026 12:00:00 AM,6 Months,1.530001E+07,1.429907E+07,0,3/11/2026 5:42:40 AM,226327##353102##917548##953307,"4- Likely to contribute to gender equality, including across age groups",Disbursement,5,PRJ_IP_CNT_SIG,2292071.4960,1/1/0001 12:00:00 AM
53,U.S.-Funded Rapid Life-Saving Response Allocation,CBPF-ETH-26-R-UN-NSFT-39326,,,2026,1,United Nations High Commissioner for Refugees,3,"Rapid Life-Saving Response in Gambella, Somali, Tigray and Amhara Regions",4/1/2026 12:00:00 AM,9/30/2026 12:00:00 AM,6 Months,1.0075E+07,9460094,0,3/17/2026 5:56:18 AM,117950##108146##88447##72364,"4- Likely to contribute to gender equality, including across age groups",Technical Review,3,PRJ_TR_DRFT,2283389.4070,1/1/0001 12:00:00 AM
59,Fast-tracked support to hyper-prioritized HNRP 2026 – US funding,CBPF-MM-26-R-INGO-NSFT-39333,,,2026,1,Mercy Corps,2,Life-Saving Multi-Sector Cash Assistance in High-Severity Areas of Myanmar,4/1/2026 12:00:00 AM,9/30/2026 12:00:00 AM,6 Months,1.1E+07,1.028037E+07,0,3/19/2026 6:55:58 AM,58445##67017##34927##35009,"4- Likely to contribute to gender equality, including across age groups",Disbursement,5,PRJ_IP_CNT_SIG,2909266.5888,1/1/0001 12:00:00 AM
59,Fast-tracked support to hyper-prioritized HNRP 2026 – US funding,CBPF-MM-26-R-INGO-NSFT-39334,,,2026,1,Trócaire,2,Integrated Lifesaving Assistance for Conflict-Affected Communities in Kayin and Tanintharyi – Myanmar Humanitarian Fund (MHF) 2026 US Allocation,4/1/2026 12:00:00 AM,9/30/2026 12:00:00 AM,6 Months,4516245,4220790,0,3/19/2026 9:07:32 AM,25679##26551##12260##12831,"4- Likely to contribute to gender equality, including across age groups",Disbursement,5,PRJ_IP_CNT_SIG,583144.4124,1/1/0001 12:00:00 AM
59,Fast-tracked support to hyper-prioritized HNRP 2026 – US funding,CBPF-MM-26-R-INGO-NSFT-39335,,,2026,1,Consortium of Dutch NGO's (The Netherlands),2,Restoring Basics: Life Saving Cash Assistance for Crisis Affected Households in Rakhine and Northwest Myanmar,4/1/2026 12:00:00 AM,9/30/2026 12:00:00 AM,6 Months,1.05E+07,9813084,0,3/19/2026 2:55:39 AM,67746##93227##45848##57900,"4- Likely to contribute to gender equality, including across age groups",HC Final Approval,4,PRJ_HC_APPROVAL,549791.1342,1/1/0001 12:00:00 AM
59,Fast-tracked support to hyper-prioritized HNRP 2026 – US funding,CBPF-MM-26-R-INGO-NSFT-39337,,,2026,1,CARE Myanmar,2,Life-saving Multisectoral Humanitarian Assistance for Crisis Affected Communities in Myanmar,4/1/2026 12:00:00 AM,9/30/2026 12:00:00 AM,6 Months,7300000,6822430,0,3/19/2026 10:05:16 AM,36780##60087##29629##31623,"4- Likely to contribute to gender equality, including across age groups",Disbursement,5,PRJ_IP_CNT_SIG,4348837.1124,1/1/0001 12:00:00 AM
59,Fast-tracked support to hyper-prioritized HNRP 2026 – US funding,CBPF-MM-26-R-INGO-NSFT-39343,,,2026,1,Save the Children Fund,2,Lifesaving multi-sector response for displaced and vulnerable children and communities in Myanmar,4/1/2026 12:00:00 AM,9/30/2026 12:00:00 AM,6 Months,1E+07,9345794,0,3/19/2026 8:55:31 AM,49910##64654##40142##45793,"4- Likely to contribute to gender equality, including across age groups",HC Final Approval,4,PRJ_UND_GA_PREPAR,692887.4568,1/1/0001 12:00:00 AM
59,Fast-tracked support to hyper-prioritized HNRP 2026 – US funding,CBPF-MM-26-R-INGO-NSFT-39350,,,2026,1,People in Need,2,SPEED: Strengthening  the Provision of Emergency Economic assistance and Distributions in North west and Kachin,4/1/2026 12:00:00 AM,9/30/2026 12:00:00 AM,6 Months,4500000,4205608,0,3/19/2026 9:49:14 AM,31429##39893##16073##20174,"4- Likely to contribute to gender equality, including across age groups",HC Final Approval,4,PRJ_HC_APPROVAL,2917873.8864,1/1/0001 12:00:00 AM
59,Fast-tracked support to hyper-prioritized HNRP 2026 – US funding,CBPF-MM-26-R-INGO-NSFT-39351,,,2026,1,Catholic Relief Services - United States Conference of Catholic Bishops,2,LIFESAVE-15  Lifesaving Multi-Sectoral Humanitarian Response for Conflict-Affected and Displaced Populations in 15 High-Severity Townships ,4/1/2026 12:00:00 AM,9/30/2026 12:00:00 AM,6 Months,4500000,4205608,0,3/19/2026 3:42:38 AM,22360##25796##18275##19685,"4- Likely to contribute to gender equality, including across age groups",Disbursement,5,PRJ_IP_CNT_SIG,12735572.7114,1/1/0001 12:00:00 AM
59,Fast-tracked support to hyper-prioritized HNRP 2026 – US funding,CBPF-MM-26-R-INGO-NSFT-39430,,,2026,1,International Rescue Committee,2,Integrated Lifesaving Multi-Sector Assistance for Crisis-Affected Populations in High-Severity Areas of Myanmar,4/1/2026 12:00:00 AM,9/30/2026 12:00:00 AM,6 Months,4500000,4205608,0,3/18/2026 4:50:11 PM,38531##49112##22601##24503,"4- Likely to contribute to gender equality, including across age groups",Disbursement,5,PRJ_IP_CNT_SIG,2702691.4464,1/1/0001 12:00:00 AM
59,Fast-tracked support to hyper-prioritized HNRP 2026 – US funding,CBPF-MM-26-R-INGO-NSFT-39476,,,2026,1,Norwegian Refugee Council,2,"Rapid, lifesaving assistance to conflict, natural hazards, and displacement affected people facing the most severe humanitarian needs in Myanmar",4/1/2026 12:00:00 AM,9/30/2026 12:00:00 AM,6 Months,5000000,4672897,0,3/19/2026 12:04:52 PM,40752##51059##18200##17721,"4- Likely to contribute to gender equality, including across age groups",Technical Review,3,PRJ_UND_TR_HFU,2743576.1100,1/1/0001 12:00:00 AM
59,Fast-tracked support to hyper-prioritized HNRP 2026 – US funding,CBPF-MM-26-R-UN-NSFT-39336,,,2026,1,World Food Programme,3,Emergency Relief Assistance for Conflict-Affected Populations in Myanmar,4/1/2026 12:00:00 AM,9/30/2026 12:00:00 AM,6 Months,2.5E+07,2.336449E+07,0,3/19/2026 9:40:57 AM,94640##101920##83720##83720,,Disbursement,5,PRJ_IP_CNT_SIG,2864078.2764,1/1/0001 12:00:00 AM
59,Fast-tracked support to hyper-prioritized HNRP 2026 – US funding,CBPF-MM-26-R-UN-NSFT-39349,,,2026,1,International Organization for Migration,3,Integrated Lifesaving Multi-Sectoral Assistance for Crisis-Affected Populations in Myanmar,4/1/2026 12:00:00 AM,9/30/2026 12:00:00 AM,6 Months,1.25E+07,1.168224E+07,0,3/19/2026 8:57:29 AM,143440##173642##57775##60245,"4- Likely to contribute to gender equality, including across age groups",Disbursement,5,PRJ_IP_CNT_SIG,2691932.3244,1/1/0001 12:00:00 AM
59,Fast-tracked support to hyper-prioritized HNRP 2026 – US funding,CBPF-MM-26-R-UN-NSFT-39357,,,2026,1,United Nations Development Programme,3,"Emergency Restoration of Food Security and Production for Conflict‑Affected Communities in Rakhine, Kachin, Kayah and South-Shan State",4/1/2026 12:00:00 AM,9/30/2026 12:00:00 AM,6 Months,5007001,4679440,0,3/19/2026 9:47:06 AM,76664##90209##21057##20566,0- Does not systematically link programming actions,Disbursement,5,PRJ_IP_CNT_SIG,2800599.4566,1/1/0001 12:00:00 AM
59,Fast-tracked support to hyper-prioritized HNRP 2026 – US funding,CBPF-MM-26-R-UN-NSFT-39397,,,2026,1,Food and Agriculture Organization of the United Nations,3,Emergency food production and cash assistance to conflict affected farmers in Myanmar,4/1/2026 12:00:00 AM,9/30/2026 12:00:00 AM,6 Months,3500000,3271028,0,3/19/2026 9:21:13 AM,19543##21950##10781##10726,"4- Likely to contribute to gender equality, including across age groups",Disbursement,5,PRJ_IP_CNT_SIG,532576.5390,1/1/0001 12:00:00 AM
59,Fast-tracked support to hyper-prioritized HNRP 2026 – US funding,CBPF-MM-26-R-UN-NSFT-39417,,,2026,1,United Nations Children's Fund,3,Life-saving assistance for vulnerable communities in Myanmar,4/1/2026 12:00:00 AM,9/30/2026 12:00:00 AM,6 Months,1.780855E+07,1.664351E+07,0,3/19/2026 10:08:34 AM,39677##48545##28139##31064,"3- Likely to contribute to gender equality, but without attention to age groups",Disbursement,5,PRJ_GA_SGN_BY_EO,2838256.3836,1/1/0001 12:00:00 AM
59,Fast-tracked support to hyper-prioritized HNRP 2026 – US funding,CBPF-MM-26-R-UN-NSFT-39426,,,2026,1,United Nations High Commissioner for Refugees,3,"Protecting Lives and Restoring Dignity: Integrated Protection, Shelter, NFI and Multipurpose Assistance for Displaced Communities in Myanmar",4/1/2026 12:00:00 AM,9/30/2026 12:00:00 AM,6 Months,1.030001E+07,9671370,0,3/19/2026 9:15:52 AM,106591##130100##59511##58153,"4- Likely to contribute to gender equality, including across age groups",Technical Review,3,PRJ_UND_TR_HFU,2827497.2616,1/1/0001 12:00:00 AM
75,"Life-saving, multi-sectoral response to escalating and urgent needs in Nigeria.",CBPF-NGA-26-R-INGO-NSFT-39366,,,2026,1,International Rescue Committee,2,Multi‑Sector Life‑Saving Assistance in Northeast Nigeria and Targeted Nutrition Response in the Northwest,4/1/2026 12:00:00 AM,9/30/2026 12:00:00 AM,6 Months,1E+07,9345794,0,3/19/2026 4:26:58 PM,27481##71227##76478##86114,"4- Likely to contribute to gender equality, including across age groups",Technical Review,3,PRJ_UND_TR_HFU_FIN,4377769.6200,1/1/0001 12:00:00 AM
75,"Life-saving, multi-sectoral response to escalating and urgent needs in Nigeria.",CBPF-NGA-26-R-INGO-NSFT-39367,,,2026,1,Norwegian Refugee Council,2,"Emergency Protection Support for Displacement-affected Communities in Damaturu, Konduga and Mafa LGAs ",4/1/2026 12:00:00 AM,9/30/2026 12:00:00 AM,6 Months,1500000,1401869,0,3/18/2026 5:11:18 PM,6160##11440##9240##17160,"4- Likely to contribute to gender equality, including across age groups",Technical Review,3,PRJ_TR_DRFT,4438620.2700,1/1/0001 12:00:00 AM
75,"Life-saving, multi-sectoral response to escalating and urgent needs in Nigeria.",CBPF-NGA-26-R-INGO-NSFT-39375,,,2026,1,Family Health International Nigeria,2,Integrated Humanitarian Assistance in Northeast Nigeria (IHANN),4/1/2026 12:00:00 AM,9/30/2026 12:00:00 AM,6 Months,5500000,5140187,0,3/18/2026 9:06:05 AM,21856##35672##41285##46274,"4- Likely to contribute to gender equality, including across age groups",Technical Review,3,PRJ_UND_TR_HFU,2755665.1500,1/1/0001 12:00:00 AM
75,"Life-saving, multi-sectoral response to escalating and urgent needs in Nigeria.",CBPF-NGA-26-R-INGO-NSFT-39387,,,2026,1,Solidarités International,2,"Provision of life-saving WASH assistance to communities affected by the crisis in Borno State, Nigeria.",4/1/2026 12:00:00 AM,9/30/2026 12:00:00 AM,6 Months,1200000,1121495,0,3/19/2026 2:09:43 PM,19583##25957##22987##30473,"4- Likely to contribute to gender equality, including across age groups",Technical Review,3,PRJ_UND_TR_HFU_FIN,4509902.4600,1/1/0001 12:00:00 AM
75,"Life-saving, multi-sectoral response to escalating and urgent needs in Nigeria.",CBPF-NGA-26-R-INGO-NSFT-39390,,,2026,1,INTERSOS,2,"Rapid Life-Saving Health and Nutrition Response for Vulnerable Populations in Dikwa, Magumeri, Maiduguri and Monguno, Borno State",4/15/2026 12:00:00 AM,10/14/2026 12:00:00 AM,6 Months,6900000,6448598,0,3/19/2026 8:24:04 PM,42591##89639##30397##32673,"4- Likely to contribute to gender equality, including across age groups",Technical Review,3,PRJ_UND_TR_HFU,4342997.8200,1/1/0001 12:00:00 AM
75,"Life-saving, multi-sectoral response to escalating and urgent needs in Nigeria.",CBPF-NGA-26-R-INGO-NSFT-39419,,,2026,1,Street Child,2,"Provision of Lifesaving Integrated Protection Response for Vulnerable Communities in Dikwa, Jere and Mobbar  local government areas of Borno state.",4/1/2026 12:00:00 AM,9/30/2026 12:00:00 AM,6 Months,1500000,1401869,0,3/19/2026 5:02:00 PM,12000##32000##11000##11000,"4- Likely to contribute to gender equality, including across age groups",Technical Review,3,PRJ_UND_TR_HFU_FIN,2908661.0700,1/1/0001 12:00:00 AM
75,"Life-saving, multi-sectoral response to escalating and urgent needs in Nigeria.",CBPF-NGA-26-R-INGO-NSFT-39449,,,2026,1,Mercy Corps,2,Integrated Lifesaving WASH &amp; Nutrition Response in Borno and Yobe,4/1/2026 12:00:00 AM,9/30/2026 12:00:00 AM,6 Months,8000000,7476636,0,3/19/2026 4:07:09 PM,30536##34968##38196##49500,"3- Likely to contribute to gender equality, but without attention to age groups",Technical Review,3,PRJ_TR_DRFT,4702885.9500,1/1/0001 12:00:00 AM
75,"Life-saving, multi-sectoral response to escalating and urgent needs in Nigeria.",CBPF-NGA-26-R-INGO-NSFT-39462,,,2026,1,Save the Children Fund,2,Life-saving integrated health and nutrition interventions for women and children facing acute malnutrition in Borno and Yobe states,3/30/2026 12:00:00 AM,9/29/2026 12:00:00 AM,6 Months,9000000,8411215,0,3/19/2026 12:33:02 PM,40335##66975##143327##151466,"4- Likely to contribute to gender equality, including across age groups",Technical Review,3,PRJ_UND_TR_HFU,5010616.3800,1/1/0001 12:00:00 AM
75,"Life-saving, multi-sectoral response to escalating and urgent needs in Nigeria.",CBPF-NGA-26-R-NGO-NSFT-39362,,,2026,1,Royal Heritage Health Foundation,1,"Strengthening Life-Saving Multi-Sectoral Protection, Child Protection, GBV Response, and PSEA Accountability for Vulnerable Populations in Monguno and Kala/Balge LGAs, Borno State.",4/1/2026 12:00:00 AM,9/30/2026 12:00:00 AM,6 Months,800000,747663.6,0,3/19/2026 10:05:28 AM,7192##12823##6366##9619,"4- Likely to contribute to gender equality, including across age groups",Technical Review,3,PRJ_UND_TR_HFU_FIN,7185592.4700,1/1/0001 12:00:00 AM
75,"Life-saving, multi-sectoral response to escalating and urgent needs in Nigeria.",CBPF-NGA-26-R-NGO-NSFT-39371,,,2026,1,Future Resilience and Development Foundation,1,Integrated Life-Saving Nutrition and WASH Response for At-Risk Populations to Reduce Vulnerability in Borno State,4/1/2026 12:00:00 AM,9/30/2026 12:00:00 AM,6 Months,900000,841121.5,0,3/19/2026 1:54:51 PM,3437##4042##8576##10045,"4- Likely to contribute to gender equality, including across age groups",Technical Review,3,PRJ_UND_TR_HFU_FIN,18818498.1600,1/1/0001 12:00:00 AM
75,"Life-saving, multi-sectoral response to escalating and urgent needs in Nigeria.",CBPF-NGA-26-R-NGO-NSFT-39422,,,2026,1,"Center for Advocacy, Transparency, and Accountability Initiative",1,"Integrated Life-Saving Nutrition and Protection Assistance for Conflict-Affected Populations in Kaga, Konduga and Ngala LGAs, Borno State",4/1/2026 12:00:00 AM,9/30/2026 12:00:00 AM,6 Months,1500000,1401869,0,3/19/2026 1:01:59 PM,6050##15436##10438##16186,"4- Likely to contribute to gender equality, including across age groups",Technical Review,3,PRJ_UND_TR_HFU,18736784.4300,1/1/0001 12:00:00 AM
75,"Life-saving, multi-sectoral response to escalating and urgent needs in Nigeria.",CBPF-NGA-26-R-NGO-NSFT-39424,,,2026,1,Grow Strong Foundation,1,"Scaling Community-Based, Multi-sectoral Life-saving Protection Services for At-Risk Children, Women, and Families affected by Conflict in Borno and Yobe state (SCALE)",4/1/2026 12:00:00 AM,9/30/2026 12:00:00 AM,6 Months,800000.9,747664.4,0,3/18/2026 9:20:18 PM,4950##8450##9300##13300,"4- Likely to contribute to gender equality, including across age groups",Technical Review,3,PRJ_UND_TR_HFU,6949144.2300,1/1/0001 12:00:00 AM
75,"Life-saving, multi-sectoral response to escalating and urgent needs in Nigeria.",CBPF-NGA-26-R-NGO-NSFT-39439,,,2026,1,Life at Best Development Initiative,1,Integrated Life-Saving Response to Address Escalating Humanitarian Needs in Borno and Yobe States,4/1/2026 12:00:00 AM,9/30/2026 12:00:00 AM,6 Months,900000,841121.5,0,3/19/2026 7:41:27 PM,4978##5652##7404##8766,"4- Likely to contribute to gender equality, including across age groups",Technical Review,3,PRJ_UND_TR_HFU_FIN,2846071.8300,1/1/0001 12:00:00 AM
75,"Life-saving, multi-sectoral response to escalating and urgent needs in Nigeria.",CBPF-NGA-26-R-UN-NSFT-39374,,,2026,1,United Nations Children's Fund,3,Provision of emergency WASH and Nutrition services to reach the most vulnerable children and families in19 hyper-prioritized LGAs in Nigeria,4/7/2026 12:00:00 AM,10/6/2026 12:00:00 AM,6 Months,1.48E+07,1.383178E+07,0,3/19/2026 7:12:04 PM,34825##209340##307992##377843,"4- Likely to contribute to gender equality, including across age groups",Technical Review,3,PRJ_UND_TR_HFU,4600309.1400,1/1/0001 12:00:00 AM
75,"Life-saving, multi-sectoral response to escalating and urgent needs in Nigeria.",CBPF-NGA-26-R-UN-NSFT-39376,,,2026,1,World Food Programme,3,Providing Life-saving Food Assistance to Food Insecure Households in Northern Nigeria 2026,4/1/2026 12:00:00 AM,9/30/2026 12:00:00 AM,6 Months,4.9E+07,4.579439E+07,0,3/19/2026 6:27:47 PM,115305##264085##184489##180025,"4- Likely to contribute to gender equality, including across age groups",Technical Review,3,PRJ_TR_DRFT,4640296.7100,1/1/0001 12:00:00 AM
75,"Life-saving, multi-sectoral response to escalating and urgent needs in Nigeria.",CBPF-NGA-26-R-UN-NSFT-39380,,,2026,1,United Nations High Commissioner for Refugees,3,"Provision of Life-Saving Protection Interventions for Conflict-Affected and Displacement-Affected Populations in Makurdi and Guma LGAs, Benue State.",3/25/2026 12:00:00 AM,9/24/2026 12:00:00 AM,6 Months,4200054,3943713,0,3/19/2026 7:33:06 PM,19408##29112##17467##31053,"4- Likely to contribute to gender equality, including across age groups",Technical Review,3,PRJ_UND_TR_HFU,4579446.0600,1/1/0001 12:00:00 AM
75,"Life-saving, multi-sectoral response to escalating and urgent needs in Nigeria.",CBPF-NGA-26-R-UN-NSFT-39398,,,2026,1,International Organization for Migration,3,Strengthening Life‑Saving WASH Services and Humanitarian Hub Support in Northeast Nigeria,4/1/2026 12:00:00 AM,9/30/2026 12:00:00 AM,6 Months,5000000,4672897,0,3/19/2026 2:49:20 PM,22919##47369##38200##44312,"4- Likely to contribute to gender equality, including across age groups",Technical Review,3,PRJ_TR_DRFT,4362122.3100,1/1/0001 12:00:00 AM
81,Supporting immediate lifesaving needs of the 2026 HNRP,CBPF-UKR-26-R-INGO-NSFT-39308,,,2026,1,Agency for Technical Cooperation and Development,2,Integrated critical cash assistance and protection support to severely conflict-affected and frontline communities in Ukraine.,4/1/2026 12:00:00 AM,9/30/2026 12:00:00 AM,6 Months,2E+07,1.869159E+07,0,3/16/2026 11:14:03 AM,20342##30943##5107##4708,"4- Likely to contribute to gender equality, including across age groups",HC Final Approval,4,PRJ_HC_APPROVAL,4976426.3544,1/1/0001 12:00:00 AM
81,Supporting immediate lifesaving needs of the 2026 HNRP,CBPF-UKR-26-R-INGO-NSFT-39311,,,2026,1,Danish Refugee Council,2,Provision of multisectoral life-saving support to the most vulnerable people affected by the conflict in Ukraine,4/1/2026 12:00:00 AM,9/30/2026 12:00:00 AM,6 Months,1.25E+07,1.168224E+07,0,3/16/2026 11:45:09 AM,69352##102991##7455##7695,"4- Likely to contribute to gender equality, including across age groups",HC Final Approval,4,PRJ_HC_APPROVAL,5457034.7676,1/1/0001 12:00:00 AM
81,Supporting immediate lifesaving needs of the 2026 HNRP,CBPF-UKR-26-R-INGO-NSFT-39316,,,2026,1,Norwegian Refugee Council,2,Provision of Unified Cash Transfers to Address the Basic Needs of Conflict and Strike-Affected Households in Ukraine,4/1/2026 12:00:00 AM,9/30/2026 12:00:00 AM,6 Months,1.7E+07,1.588785E+07,0,3/14/2026 1:34:45 PM,14310##28637##8939##8353,"4- Likely to contribute to gender equality, including across age groups",Disbursement,5,PRJ_IP_CNT_SIG,5179214.7144,1/1/0001 12:00:00 AM
81,Supporting immediate lifesaving needs of the 2026 HNRP,CBPF-UKR-26-R-NGO-NSFT-39310,,,2026,1,Charitable Organization 'Charity Fund Team4UA',1,TERA Consortium - IMPACT (Immediate Multisectoral Priority Assistance for Conflict-affected Territories),4/1/2026 12:00:00 AM,9/30/2026 12:00:00 AM,6 Months,2E+07,1.869159E+07,0,3/13/2026 4:30:36 PM,22348##34181##6545##6490,"4- Likely to contribute to gender equality, including across age groups",HC Final Approval,4,PRJ_HC_APPROVAL,22568316.5844,1/1/0001 12:00:00 AM
81,Supporting immediate lifesaving needs of the 2026 HNRP,CBPF-UKR-26-R-NGO-NSFT-39324,,,2026,1,Charitable Organization 'Charitable Fund 'The Right to Protection',1,MESH: Multisectoral Emergency Support for High-Severity Hromadas,4/1/2026 12:00:00 AM,9/30/2026 12:00:00 AM,6 Months,1.3E+07,1.214953E+07,0,3/16/2026 11:09:47 AM,33558##52556##20##20,"4- Likely to contribute to gender equality, including across age groups",Disbursement,5,PRJ_DISBURSEMENT,3838783.6548,3/27/2026 10:47:09 PM
81,Supporting immediate lifesaving needs of the 2026 HNRP,CBPF-UKR-26-R-NGO-NSFT-39327,,,2026,1,CHARITY ORGANIZATION «CHARITABLE FOUNDATION «АNGELS OF SALVATION»,1,"Consortium LINK Project under SP1, SP2 and SP3 – Multi-Sectoral Life-Saving Assistance Supporting Immediate Needs under the 2026 HNRP",4/1/2026 12:00:00 AM,9/30/2026 12:00:00 AM,6 Months,1.4E+07,1.308411E+07,0,3/14/2026 7:57:00 PM,30650##35495##5340##5927,"4- Likely to contribute to gender equality, including across age groups",Disbursement,5,PRJ_DISBURSEMENT,21919393.8324,3/27/2026 10:48:28 PM
81,Supporting immediate lifesaving needs of the 2026 HNRP,CBPF-UKR-26-R-NGO-NSFT-39496,,,2026,1,Proliska,1,"Social Transportation, Life-Saving Evacuation and Assistance Provided   following Evacuation",4/1/2026 12:00:00 AM,9/30/2026 12:00:00 AM,6 Months,3500000,3271028,0,3/24/2026 4:45:25 PM,50030##161297##12098##12126,"4- Likely to contribute to gender equality, including across age groups",Disbursement,5,PRJ_DISBURSEMENT,3873257.6760,3/27/2026 10:46:06 PM
81,Supporting immediate lifesaving needs of the 2026 HNRP,CBPF-UKR-26-R-UN-NSFT-39312,,,2026,1,United Nations Children's Fund,3,Providing child protection support for conflict-affected children and families,4/1/2026 12:00:00 AM,9/30/2026 12:00:00 AM,6 Months,6000000,5607477,0,3/16/2026 11:09:21 AM,4947##11543##8081##8410,"4- Likely to contribute to gender equality, including across age groups",Submission of Proposal,1,,5369835.7728,1/1/0001 12:00:00 AM
81,Supporting immediate lifesaving needs of the 2026 HNRP,CBPF-UKR-26-R-UN-NSFT-39319,,,2026,1,United Nations High Commissioner for Refugees,3,Emergency multi-sectoral assistance for war-affected and newly displaced people in frontline areas of Ukraine,4/1/2026 12:00:00 AM,9/30/2026 12:00:00 AM,6 Months,3.07E+07,2.882629E+07,0,3/15/2026 9:24:39 PM,31703##58527##8776##7586,"4- Likely to contribute to gender equality, including across age groups",Technical Review,3,PRJ_BUDGET_CLR,5345501.1696,1/1/0001 12:00:00 AM
81,Supporting immediate lifesaving needs of the 2026 HNRP,CBPF-UKR-26-R-UN-NSFT-39329,,,2026,1,World Food Programme,3,Provision of food and cash assistance to war-affected Ukrainians,4/1/2026 12:00:00 AM,9/30/2026 12:00:00 AM,6 Months,2E+07,1.869159E+07,0,3/16/2026 11:53:55 AM,71400##109289##13043##12110,"4- Likely to contribute to gender equality, including across age groups",Disbursement,5,PRJ_IP_CNT_SIG,8918632.0728,1/1/0001 12:00:00 AM
89,"RA3-2026: Lifesaving humanitarian response in highly prioritized districts in Mozambique for conflict-affected populations in Cabo Delgado and Nampula, and for flood-affected populations in Gaza, Sofala, and Maputo.",CBPF-MOZ-26-R-INGO-NSFT-39378,,,2026,1,Save the Children International,2,"Emergency WASH, Cash, and Child Protection Assistance in Cabo Delgado and Gaza Provinces",4/1/2026 12:00:00 AM,9/30/2026 12:00:00 AM,6 Months,4000000,3738318,0,3/20/2026 8:41:12 AM,28069##30642##34219##37070,"4- Likely to contribute to gender equality, including across age groups",Technical Review,3,PRJ_UND_TR_HFU,28786390.6346,1/1/0001 12:00:00 AM
89,"RA3-2026: Lifesaving humanitarian response in highly prioritized districts in Mozambique for conflict-affected populations in Cabo Delgado and Nampula, and for flood-affected populations in Gaza, Sofala, and Maputo.",CBPF-MOZ-26-R-INGO-NSFT-39418,,,2026,1,CARE International Mozambique,2,"Integrated multi-sector lifesaving humanitarian response for conflict and flood-affected populations in Cabo Delgado, Nampula and Gaza- (RESTORE)",4/1/2026 12:00:00 AM,9/30/2026 12:00:00 AM,6 Months,8000000,7476636,0,3/22/2026 5:34:32 PM,26220##34500##40392##51750,"4- Likely to contribute to gender equality, including across age groups",Technical Review,3,PRJ_UND_TR_HFU,29160971.1557,1/1/0001 12:00:00 AM
89,"RA3-2026: Lifesaving humanitarian response in highly prioritized districts in Mozambique for conflict-affected populations in Cabo Delgado and Nampula, and for flood-affected populations in Gaza, Sofala, and Maputo.",CBPF-MOZ-26-R-INGO-NSFT-39432,,,2026,1,ACTION CONTRE LA FAIM,2,Integrated Life-Saving Emergency Assistance for Conflict and Flood-Affected Populations in Mozambique,3/25/2026 12:00:00 AM,9/24/2026 12:00:00 AM,6 Months,1500070,1401935,0,3/19/2026 4:50:44 PM,14681##24584##20513##20363,"4- Likely to contribute to gender equality, including across age groups",Technical Review,3,PRJ_UND_TR_HFU,29006732.1176,1/1/0001 12:00:00 AM
89,"RA3-2026: Lifesaving humanitarian response in highly prioritized districts in Mozambique for conflict-affected populations in Cabo Delgado and Nampula, and for flood-affected populations in Gaza, Sofala, and Maputo.",CBPF-MOZ-26-R-INGO-NSFT-39437,,,2026,1,Norwegian Refugee Council,2,"Rapid Life-Saving Shelter Improvements and Multipurpose Voucher Assistance for Conflict-Affected Displaced and Host Families in Mueda and Nangade, Cabo Delgado.",4/6/2026 12:00:00 AM,10/5/2026 12:00:00 AM,6 Months,3000000,2803738,0,3/23/2026 12:59:55 PM,9599##9991##6399##6661,"4- Likely to contribute to gender equality, including across age groups",Technical Review,3,PRJ_UND_TR_HFU,28977353.2532,1/1/0001 12:00:00 AM
89,"RA3-2026: Lifesaving humanitarian response in highly prioritized districts in Mozambique for conflict-affected populations in Cabo Delgado and Nampula, and for flood-affected populations in Gaza, Sofala, and Maputo.",CBPF-MOZ-26-R-INGO-NSFT-39450,,,2026,1,Solidarites International,2,SI–Acted Consortium: Life-saving multi-purpose assistance and WASH services in Cabo Delgado,4/1/2026 12:00:00 AM,9/30/2026 12:00:00 AM,6 Months,3000000,2803738,0,3/23/2026 8:42:36 PM,39520##45513##50011##52257,"3- Likely to contribute to gender equality, but without attention to age groups",Technical Review,3,PRJ_UND_TR_HFU,29158522.9170,1/1/0001 12:00:00 AM
89,"RA3-2026: Lifesaving humanitarian response in highly prioritized districts in Mozambique for conflict-affected populations in Cabo Delgado and Nampula, and for flood-affected populations in Gaza, Sofala, and Maputo.",CBPF-MOZ-26-R-INGO-NSFT-39453,,,2026,1,Catholic Relief Services CRS,2,"Emergency Food Security, WASH, and Shelter Activity",4/1/2026 12:00:00 AM,9/30/2026 12:00:00 AM,6 Months,4500000,4205608,0,3/23/2026 3:41:58 PM,5500##5500##8250##8250,"4- Likely to contribute to gender equality, including across age groups",Technical Review,3,PRJ_UND_TR_HFU,28911250.8083,1/1/0001 12:00:00 AM
89,"RA3-2026: Lifesaving humanitarian response in highly prioritized districts in Mozambique for conflict-affected populations in Cabo Delgado and Nampula, and for flood-affected populations in Gaza, Sofala, and Maputo.",CBPF-MOZ-26-R-INGO-NSFT-39488,,,2026,1,WORLD VISION INTERNATIONAL,2,"Life-Saving Humanitarian Assistance in WASH, Food Security, and Protection for Flood-Affected Communities in Guijá and Mabalane and Conflict-Affected communities in Memba district.",4/1/2026 12:00:00 AM,9/30/2026 12:00:00 AM,6 Months,2000000,1869159,0,3/23/2026 4:59:33 PM,7680##11520##8320##12480,"4- Likely to contribute to gender equality, including across age groups",Technical Review,3,PRJ_UND_TR_HFU,28879423.7052,1/1/0001 12:00:00 AM
89,"RA3-2026: Lifesaving humanitarian response in highly prioritized districts in Mozambique for conflict-affected populations in Cabo Delgado and Nampula, and for flood-affected populations in Gaza, Sofala, and Maputo.",CBPF-MOZ-26-R-NGO-NSFT-39410,,,2026,1,Fundacao Wiwanana,1,Protection of conflict-affected people in Macomia and Mocimboa da Praia,4/1/2026 12:00:00 AM,9/30/2026 12:00:00 AM,6 Months,999999.9,934579.3,0,3/23/2026 4:26:39 PM,4500##3000##4500##3000,1- Unlikely to contribute to gender equality (no gender equality measure and no age consideration),Technical Review,3,PRJ_UND_TR_HFU,27846266.9738,1/1/0001 12:00:00 AM
89,"RA3-2026: Lifesaving humanitarian response in highly prioritized districts in Mozambique for conflict-affected populations in Cabo Delgado and Nampula, and for flood-affected populations in Gaza, Sofala, and Maputo.",CBPF-MOZ-26-R-NGO-NSFT-39415,,,2026,1,INSTITUTO PARA O DESENVOLVIMENTO ECONOMICO E SOCIAL- IDES,1,SALVE PROJECT – Saving lives in emergency situations and through rapid response in critical districts in Cabo Delgado and Nampula,4/1/2026 12:00:00 AM,9/30/2026 12:00:00 AM,6 Months,1500000,1401870,0,3/23/2026 5:27:19 PM,2660##7630##2425##4320,"4- Likely to contribute to gender equality, including across age groups",Technical Review,3,PRJ_UND_TR_HFU,27809543.3933,1/1/0001 12:00:00 AM
89,"RA3-2026: Lifesaving humanitarian response in highly prioritized districts in Mozambique for conflict-affected populations in Cabo Delgado and Nampula, and for flood-affected populations in Gaza, Sofala, and Maputo.",CBPF-MOZ-26-R-NGO-NSFT-39434,,,2026,1,CONSELHO CRISTÃO DE MOÇAMBIQUE,1,"Together for a humanitarian cause, contributing to human dignity.",3/16/2026 12:00:00 AM,9/15/2026 12:00:00 AM,6 Months,1000000,934579.4,0,3/23/2026 7:41:40 AM,4272##4628##3493##3784,0- Does not systematically link programming actions,Technical Review,3,PRJ_UND_TR_HFU,27851163.4512,1/1/0001 12:00:00 AM
89,"RA3-2026: Lifesaving humanitarian response in highly prioritized districts in Mozambique for conflict-affected populations in Cabo Delgado and Nampula, and for flood-affected populations in Gaza, Sofala, and Maputo.",CBPF-MOZ-26-R-UN-NSFT-39383,,,2026,1,International Organization for Migration,3,Multi-sectoral assistance for conflict and flood-affected populations in northern and southern Mozambique,4/6/2026 12:00:00 AM,10/5/2026 12:00:00 AM,6 Months,1.45E+07,1.35514E+07,0,3/23/2026 2:49:33 PM,91427##104441##98043##108727,2- Unlikely to contribute to gender equality (no gender equality measure but includes age consideration),Technical Review,3,PRJ_UND_TR_HFU,28972456.7758,1/1/0001 12:00:00 AM
89,"RA3-2026: Lifesaving humanitarian response in highly prioritized districts in Mozambique for conflict-affected populations in Cabo Delgado and Nampula, and for flood-affected populations in Gaza, Sofala, and Maputo.",CBPF-MOZ-26-R-UN-NSFT-39427,,,2026,1,World Food Programme,3,"Emergency Food Security Response in 4 priority districts of Cabo Delgado ( Macomia, Muidumbe, Nangade and Quissanga)",4/1/2026 12:00:00 AM,9/30/2026 12:00:00 AM,6 Months,1.75E+07,1.635514E+07,0,3/23/2026 6:50:16 PM,87389##99691##116237##120903,0- Does not systematically link programming actions,Technical Review,3,PRJ_UND_TR_HFU,28982249.7306,1/1/0001 12:00:00 AM
89,"RA3-2026: Lifesaving humanitarian response in highly prioritized districts in Mozambique for conflict-affected populations in Cabo Delgado and Nampula, and for flood-affected populations in Gaza, Sofala, and Maputo.",CBPF-MOZ-26-R-UN-NSFT-39444,,,2026,1,United Nations High Commissioner for Refugees,3,Life-saving protection response in targeted districts in Cabo Delgado and Nampula provinces,4/1/2026 12:00:00 AM,9/30/2026 12:00:00 AM,6 Months,4500000,4225352,0,3/23/2026 3:42:40 PM,23560##33640##26240##30560,"4- Likely to contribute to gender equality, including across age groups",Technical Review,3,PRJ_UND_TR_HFU,28987146.2080,1/1/0001 12:00:00 AM
89,"RA3-2026: Lifesaving humanitarian response in highly prioritized districts in Mozambique for conflict-affected populations in Cabo Delgado and Nampula, and for flood-affected populations in Gaza, Sofala, and Maputo.",CBPF-MOZ-26-R-UN-NSFT-39474,,,2026,1,United Nations Children's Fund,3,Integrated lifesaving assistance and Restoration of Essential Services for Conflict and Flood-Affected Children and Their Communities.,4/1/2026 12:00:00 AM,9/30/2026 12:00:00 AM,6 Months,1.179991E+07,1.102795E+07,0,3/23/2026 5:52:52 PM,29495##165807##143631##155600,"3- Likely to contribute to gender equality, but without attention to age groups",Technical Review,3,PRJ_UND_TR_HFU,28984697.9693,1/1/0001 12:00:00 AM
90,"Réponse multisectorielle vitale aux déplacements et à l'insécurité alimentaire dans les provinces du Ouaddaï, du Wadi Fira, du Sila et du Lac au Tchad",CBPF-TCD-26-R-INGO-NSFT-39339,,,2026,1,International Medical Corps,2,"Assistance d'urgence multisectorielle et intégrée au profit des réfugiés soudanais, communautés hôte et rapatriés, vulnérables dans l'Est du Tchad",4/1/2026 12:00:00 AM,9/30/2026 12:00:00 AM,6 Months,9078117,8484221,0,3/19/2026 1:45:25 AM,36202##43764##46559##51064,"4- Likely to contribute to gender equality, including across age groups",Technical Review,3,PRJ_TR_DRFT,29797442.5320,1/1/0001 12:00:00 AM
90,"Réponse multisectorielle vitale aux déplacements et à l'insécurité alimentaire dans les provinces du Ouaddaï, du Wadi Fira, du Sila et du Lac au Tchad",CBPF-TCD-26-R-INGO-NSFT-39340,,,2026,1,International Rescue Committee,2,"Réponse urgente multisectorielle en santé-nutrition, protection, Eau, Hygiène &amp; Assainissement, Abris et en sécurité alimetaire à l'Est du Tchad.",4/1/2026 12:00:00 AM,9/30/2026 12:00:00 AM,6 Months,7919368,7401279,0,3/19/2026 10:54:19 AM,23081##44512##47808##49457,"4- Likely to contribute to gender equality, including across age groups",Technical Review,3,PRJ_TR_DRFT,28710894.8880,1/1/0001 12:00:00 AM
90,"Réponse multisectorielle vitale aux déplacements et à l'insécurité alimentaire dans les provinces du Ouaddaï, du Wadi Fira, du Sila et du Lac au Tchad",CBPF-TCD-26-R-INGO-NSFT-39341,,,2026,1,Action contre la Faim,2,"Réponse d’urgence multisectorielle pour les réfugiés, déplacés internes et communautés hôtes vulnérables dans les provinces du Wadi Fira et du Lac ",4/15/2026 12:00:00 AM,10/14/2026 12:00:00 AM,6 Months,3018969,2821466,0,3/19/2026 9:26:06 AM,6059##22732##17867##23708,"4- Likely to contribute to gender equality, including across age groups",Technical Review,3,PRJ_TR_DRFT,29764896.1740,1/1/0001 12:00:00 AM
90,"Réponse multisectorielle vitale aux déplacements et à l'insécurité alimentaire dans les provinces du Ouaddaï, du Wadi Fira, du Sila et du Lac au Tchad",CBPF-TCD-26-R-INGO-NSFT-39369,,,2026,1,Catholic Relief Services,2,Projet d'Urgence Intégré de Soutien aux Communautés Vulnérables – Al Najat,4/1/2026 12:00:00 AM,9/30/2026 12:00:00 AM,6 Months,5218400,4877009,0,3/18/2026 11:31:47 PM,10368##11232##12672##13728,"3- Likely to contribute to gender equality, but without attention to age groups",Technical Review,3,PRJ_TR_DRFT,28700880.6240,1/1/0001 12:00:00 AM
90,"Réponse multisectorielle vitale aux déplacements et à l'insécurité alimentaire dans les provinces du Ouaddaï, du Wadi Fira, du Sila et du Lac au Tchad",CBPF-TCD-26-R-INGO-NSFT-39385,,,2026,1,World Vision International,2,Assistance Vitale Intégrée pour les Réfugiés Soudanais et les Communautés Hôtes vulnerables du département Kobe (province Wadi Fira à l’Est du Tchad),4/20/2026 12:00:00 AM,10/19/2026 12:00:00 AM,6 Months,5730507,5355614,0,3/19/2026 10:41:53 AM,12813##17521##20489##21145,"4- Likely to contribute to gender equality, including across age groups",Technical Review,3,PRJ_TR_DRFT,28718405.5860,1/1/0001 12:00:00 AM
90,"Réponse multisectorielle vitale aux déplacements et à l'insécurité alimentaire dans les provinces du Ouaddaï, du Wadi Fira, du Sila et du Lac au Tchad",CBPF-TCD-26-R-INGO-NSFT-39413,,,2026,1,"Plan International, Inc",2,Assistance d’urgence aux populations affectées par les crises dans les régions de Ouaddaï et Lac au Tchad,4/1/2026 12:00:00 AM,9/30/2026 12:00:00 AM,6 Months,4936529,4613579,0,3/19/2026 9:57:02 AM,18319##20934##21774##26171,"4- Likely to contribute to gender equality, including across age groups",Strategic review,2,PRJ_REJECTED,29787428.2680,1/1/0001 12:00:00 AM
90,"Réponse multisectorielle vitale aux déplacements et à l'insécurité alimentaire dans les provinces du Ouaddaï, du Wadi Fira, du Sila et du Lac au Tchad",CBPF-TCD-26-R-INGO-NSFT-39416,,,2026,1,SERVIZIO DEI GESUITI PER I RIFUGIATI JRS,2,"Assistance multisectorielle vitale en protection, nutrition et sécurité alimentaire en faveur des populations vulnérables dans la province du Lac, Tchad.",4/15/2026 12:00:00 AM,10/14/2026 12:00:00 AM,6 Months,1923513,1797675,0,3/19/2026 9:38:29 AM,3200##4800##10188##12139,"4- Likely to contribute to gender equality, including across age groups",Strategic review,2,PRJ_REJECTED,28635787.9080,1/1/0001 12:00:00 AM
90,"Réponse multisectorielle vitale aux déplacements et à l'insécurité alimentaire dans les provinces du Ouaddaï, du Wadi Fira, du Sila et du Lac au Tchad",CBPF-TCD-26-R-INGO-NSFT-39435,,,2026,1,INTERSOS,2,"Réponse multisectorielle en abris/NFI et wash en faveur des personns déplacées (réfugiés et retournés) dans le département de Kobe, dans le Wadi Fira",4/1/2026 12:00:00 AM,9/30/2026 12:00:00 AM,6 Months,5117659,4782859,0,3/19/2026 8:58:39 AM,5200##4000##6200##4600,"4- Likely to contribute to gender equality, including across age groups",Technical Review,3,PRJ_TR_DRFT,28625773.6440,1/1/0001 12:00:00 AM
90,"Réponse multisectorielle vitale aux déplacements et à l'insécurité alimentaire dans les provinces du Ouaddaï, du Wadi Fira, du Sila et du Lac au Tchad",CBPF-TCD-26-R-INGO-NSFT-39443,,,2026,1,HIAS INC,2,"Assistance de protection intégrée et vitale pour les réfugiés, les retournés et les communautés d’accueil affectés par la crise soudanaise dans l’Est du Tchad.",4/1/2026 12:00:00 AM,9/30/2026 12:00:00 AM,6 Months,847020.6,791608,0,3/18/2026 10:34:43 PM,2850##12100##7000##6750,"4- Likely to contribute to gender equality, including across age groups",Technical Review,3,PRJ_TR_DRFT,28603241.5500,1/1/0001 12:00:00 AM
90,"Réponse multisectorielle vitale aux déplacements et à l'insécurité alimentaire dans les provinces du Ouaddaï, du Wadi Fira, du Sila et du Lac au Tchad",CBPF-TCD-26-R-INGO-NSFT-39454,,,2026,1,Secours Islamique France,2,Réponse multisectorielle aux besoins vitaux des personnes affectées par la crise soudanaise et aux déplacements dans les provinces du Wadi Fira et du Ouaddaï,4/6/2026 12:00:00 AM,10/5/2026 12:00:00 AM,6 Months,7754164,7246882,0,3/19/2026 10:26:10 AM,22013##33455##23354##23354,"4- Likely to contribute to gender equality, including across age groups",Strategic review,2,PRJ_REJECTED,28600737.9840,1/1/0001 12:00:00 AM
90,"Réponse multisectorielle vitale aux déplacements et à l'insécurité alimentaire dans les provinces du Ouaddaï, du Wadi Fira, du Sila et du Lac au Tchad",CBPF-TCD-26-R-INGO-NSFT-39456,,,2026,1,ALLIANCE FOR INTERNATIONAL MEDICAL ACTION,2,"Projet d’urgence médico-nutritionnel pour les populations déplacées, réfugiées et hôtes des districts de Liwa (Province du Lac) et de Goz Beida (Province du Sila) ",4/10/2026 12:00:00 AM,10/9/2026 12:00:00 AM,6 Months,1986668,1856699,0,3/19/2026 10:52:51 AM,11327##53265##13698##14269,"4- Likely to contribute to gender equality, including across age groups",Strategic review,2,PRJ_REJECTED,29822478.1920,1/1/0001 12:00:00 AM
90,"Réponse multisectorielle vitale aux déplacements et à l'insécurité alimentaire dans les provinces du Ouaddaï, du Wadi Fira, du Sila et du Lac au Tchad",CBPF-TCD-26-R-INGO-NSFT-39473,,,2026,1,ACTED,2,Réponse vitale intégrée aux besoins en sécurité alimentaire et EHA des populations en zones de sévérité 4 dans la province du Lac,4/1/2026 12:00:00 AM,9/30/2026 12:00:00 AM,6 Months,4570001,4271029,0,3/19/2026 10:15:18 AM,6544##8919##7057##9560,"4- Likely to contribute to gender equality, including across age groups",Strategic review,2,PRJ_REJECTED,28620766.5120,1/1/0001 12:00:00 AM
90,"Réponse multisectorielle vitale aux déplacements et à l'insécurité alimentaire dans les provinces du Ouaddaï, du Wadi Fira, du Sila et du Lac au Tchad",CBPF-TCD-26-R-NGO-NSFT-39342,,,2026,1,Action pour le Développement Social et Humanitaire,1,"Réponse humanitaire d'urgence en Santé et Nutrition aux refugiés, retournés et hôtes vulnérable dans le département de Kimiti, province Sila",4/1/2026 12:00:00 AM,9/30/2026 12:00:00 AM,6 Months,1495215,1397397,0,3/18/2026 8:35:08 PM,3840##6400##9562##12198,"3- Likely to contribute to gender equality, but without attention to age groups",Strategic review,2,PRJ_REJECTED,28633284.3420,1/1/0001 12:00:00 AM
90,"Réponse multisectorielle vitale aux déplacements et à l'insécurité alimentaire dans les provinces du Ouaddaï, du Wadi Fira, du Sila et du Lac au Tchad",CBPF-TCD-26-R-NGO-NSFT-39358,,,2026,1,Agence de Développement Economique et Social,1,Réponse Multisectorielle en Abris Hygiène et Assainissement pour la Protection des Femmes et des Enfants des camps de Métché et Aboutengué (ReMAHA _ PFEMA),4/1/2026 12:00:00 AM,9/30/2026 12:00:00 AM,6 Months,3461152,3234721,0,3/19/2026 9:35:15 AM,1820##3640##4200##4340,"4- Likely to contribute to gender equality, including across age groups",Strategic review,2,PRJ_REJECTED,28663327.1340,1/1/0001 12:00:00 AM
90,"Réponse multisectorielle vitale aux déplacements et à l'insécurité alimentaire dans les provinces du Ouaddaï, du Wadi Fira, du Sila et du Lac au Tchad",CBPF-TCD-26-R-UN-NSFT-39345,,,2026,1,International Organization for Migration,3,Assistance multisectorielle vitale pour les populations affectées par la crise dans l’Est du Tchad et la province du Lac,4/1/2026 12:00:00 AM,9/30/2026 12:00:00 AM,6 Months,1.5E+07,1.401869E+07,0,3/19/2026 9:47:49 AM,10033##38083##16660##15900,"4- Likely to contribute to gender equality, including across age groups",Technical Review,3,PRJ_TR_DRFT,29799946.0980,1/1/0001 12:00:00 AM
90,"Réponse multisectorielle vitale aux déplacements et à l'insécurité alimentaire dans les provinces du Ouaddaï, du Wadi Fira, du Sila et du Lac au Tchad",CBPF-TCD-26-R-UN-NSFT-39346,,,2026,1,United Nations Children’s Fund,3,"Réponse multisectorielle santé, nutrition, protection de l’enfance, eau, hygiène et assainissement aux crises à l’Ouest et à l’Est du Tchad  ",4/15/2026 12:00:00 AM,10/14/2026 12:00:00 AM,6 Months,1.122605E+07,1.049164E+07,0,3/19/2026 10:39:54 AM,61290##103034##145933##171284,"4- Likely to contribute to gender equality, including across age groups",Technical Review,3,PRJ_TR_DRFT,29804953.2300,1/1/0001 12:00:00 AM
90,"Réponse multisectorielle vitale aux déplacements et à l'insécurité alimentaire dans les provinces du Ouaddaï, du Wadi Fira, du Sila et du Lac au Tchad",CBPF-TCD-26-R-UN-NSFT-39347,,,2026,1,United Nations High Commissionner for Refugees,3,Protection et assistance d’urgence pour les réfugiés soudanais dans l’Est du Tchad et les personnes déplacées internes dans la région du Lac,3/12/2026 12:00:00 AM,9/11/2026 12:00:00 AM,6 Months,3.143867E+07,2.951987E+07,0,3/18/2026 6:27:06 PM,14700##27300##31500##31500,2- Unlikely to contribute to gender equality (no gender equality measure but includes age consideration),Technical Review,3,PRJ_TR_DRFT,29807456.7960,1/1/0001 12:00:00 AM
90,"Réponse multisectorielle vitale aux déplacements et à l'insécurité alimentaire dans les provinces du Ouaddaï, du Wadi Fira, du Sila et du Lac au Tchad",CBPF-TCD-26-R-UN-NSFT-39407,,,2026,1,Food and Agriculture Organization,3,Sauver des vies par la protection de la production alimentaire des ménages vulnérables au Tchad,4/1/2026 12:00:00 AM,9/30/2026 12:00:00 AM,6 Months,5000000,4672897,0,3/18/2026 3:48:31 PM,23247##26225##24929##24799,"4- Likely to contribute to gender equality, including across age groups",Technical Review,3,PRJ_TR_DRFT,29802449.6640,1/1/0001 12:00:00 AM
90,"Réponse multisectorielle vitale aux déplacements et à l'insécurité alimentaire dans les provinces du Ouaddaï, du Wadi Fira, du Sila et du Lac au Tchad",CBPF-TCD-26-R-UN-NSFT-39414,,,2026,1,Programme Alimentaire Mondial,3,Aide alimentaire et nutritionnelle d’urgence pour les populations touchées par la crise et souffrant de malnutrition aigüe modérée au Tchad,4/1/2026 12:00:00 AM,9/30/2026 12:00:00 AM,6 Months,3.446342E+07,3.236002E+07,0,3/19/2026 10:37:34 AM,70299##92213##123069##135481,"4- Likely to contribute to gender equality, including across age groups",Technical Review,3,PRJ_TR_DRFT,29784924.7020,1/1/0001 12:00:00 AM
99,Fast-tracked support to JRP priortized response,CBPF-BGD-26-R-INGO-NSFT-39295,,,2026,1,International Rescue Committee,2,RELIEF-HP: Refugee Emergency Lifesaving Intervention for Health &amp; Protection,4/1/2026 12:00:00 AM,9/30/2026 12:00:00 AM,6 Months,2066357,1931175,0,3/10/2026 3:33:27 PM,38168##46355##34862##38436,"4- Likely to contribute to gender equality, including across age groups",HC Final Approval,4,PRJ_HC_APPROVAL,35815542.7707,1/1/0001 12:00:00 AM
99,Fast-tracked support to JRP priortized response,CBPF-BGD-26-R-INGO-NSFT-39299,,,2026,1,World Vision of Bangladesh,2,"Integrated and Complementary Life-Saving WASH, Child Protection and GBV Services for Rohingya Refugees in Cox’s Bazar",4/1/2026 12:00:00 AM,9/30/2026 12:00:00 AM,6 Months,539367.5,504081.8,0,3/10/2026 5:45:20 PM,10545##15282##9236##13571,"4- Likely to contribute to gender equality, including across age groups",Disbursement,5,PRJ_DISBURSEMENT,35485347.8826,3/26/2026 10:16:20 PM
99,Fast-tracked support to JRP priortized response,CBPF-BGD-26-R-INGO-NSFT-39301,,,2026,1,HANDICAP INTERNATIONAL FEDERATION,2,"Comprehensive and Integrated Rehabilitation for the Most Vulnerable, Including Persons with Disabilities, in Rohingya Camps",4/1/2026 12:00:00 AM,9/30/2026 12:00:00 AM,6 Months,296667.3,277259.2,0,3/10/2026 11:28:54 AM,2444##2774##859##528,"4- Likely to contribute to gender equality, including across age groups",HC Final Approval,4,PRJ_HC_APPROVAL,35836747.9470,1/1/0001 12:00:00 AM
99,Fast-tracked support to JRP priortized response,CBPF-BGD-26-R-INGO-NSFT-39303,,,2026,1,CARE BANGLADESH,2,"Supporting Rohingya Refugees through Life-Saving Shelter Assistance, WASH Services, and High-Risk Landslide and Monsoon Response Activities",4/1/2026 12:00:00 AM,9/30/2026 12:00:00 AM,6 Months,995000,929906.6,0,3/10/2026 12:44:14 PM,17580##19554##20147##19335,"4- Likely to contribute to gender equality, including across age groups",Disbursement,5,PRJ_DISBURSEMENT,35821601.3925,3/24/2026 2:28:28 PM
99,Fast-tracked support to JRP priortized response,CBPF-BGD-26-R-INGO-NSFT-39305,,,2026,1,Save the Children Fund,2,Delivering Life-Saving Child Protection and Health Services for Rohingya Refugees in Cox’s Bazar,4/1/2026 12:00:00 AM,9/30/2026 12:00:00 AM,6 Months,2172289,2030177,0,3/10/2026 4:51:52 PM,12290##13400##14236##14887,"4- Likely to contribute to gender equality, including across age groups",Technical Review,3,PRJ_BUDGET_CLR,35812513.4598,1/1/0001 12:00:00 AM
99,Fast-tracked support to JRP priortized response,CBPF-BGD-26-R-INGO-NSFT-39307,,,2026,1,Concern Worldwide,2,Integrated acute malnutrition management and preventive nutrition services for children under five years and pregnant &amp; breastfeeding women in the Rohingya response at Cox's Bazar,4/1/2026 12:00:00 AM,9/30/2026 12:00:00 AM,6 Months,600000,560747.7,0,3/10/2026 11:03:16 AM,0##13360##17610##16920,"4- Likely to contribute to gender equality, including across age groups",Disbursement,5,PRJ_DISBURSEMENT,35830689.3252,3/27/2026 8:14:47 PM
99,Fast-tracked support to JRP priortized response,CBPF-BGD-26-R-INGO-NSFT-39313,,,2026,1,Norwegian Refugee Council,2,Strengthening Safe and Reliable WASH Service Delivery in Rohingya Camps,4/1/2026 12:00:00 AM,9/30/2026 12:00:00 AM,6 Months,600000,560747.7,0,3/10/2026 12:04:54 PM,12519##14092##14334##13749,"4- Likely to contribute to gender equality, including across age groups",Disbursement,5,PRJ_DISBURSEMENT,35809484.1489,3/24/2026 2:28:06 PM
99,Fast-tracked support to JRP priortized response,CBPF-BGD-26-R-INGO-NSFT-39315,,,2026,1,Islamic Relief,2,"Life‑Saving Shelter, LPG &amp; WASH Support for Rohingya Refugees in Ukhiya and Bhasan Char Camp, Bangladesh",4/1/2026 12:00:00 AM,9/30/2026 12:00:00 AM,6 Months,1650000,1542056,0,3/10/2026 4:16:22 PM,36974##37526##41010##41952,"4- Likely to contribute to gender equality, including across age groups",Disbursement,5,PRJ_IP_CNT_SIG,35818572.0816,1/1/0001 12:00:00 AM
99,Fast-tracked support to JRP priortized response,CBPF-BGD-26-R-INGO-NSFT-39328,,,2026,1,DANISH REFUGEE COUNCIL (DRC),2,"Provision of Emergency Shelter, Disaster Risk Response Support, and Protection Services for Rohingya Refugees in Cox’s Bazar.",4/1/2026 12:00:00 AM,9/30/2026 12:00:00 AM,6 Months,627019,585999.1,0,3/10/2026 6:13:21 PM,36890##41997##42048##40226,"4- Likely to contribute to gender equality, including across age groups",HC Final Approval,4,PRJ_HC_APPROVAL,35833718.6361,1/1/0001 12:00:00 AM
99,Fast-tracked support to JRP priortized response,CBPF-BGD-26-R-UN-NSFT-39298,,,2026,1,United Nations High Commissioner for Refugees,3,Protection and Assistance for Rohingya Refugees in Cox’s Bazar and on Bhasan Char,4/1/2026 12:00:00 AM,9/30/2026 12:00:00 AM,6 Months,1.867484E+07,1.753506E+07,0,3/10/2026 4:17:38 PM,139086##167878##165846##162408,"4- Likely to contribute to gender equality, including across age groups",HC Final Approval,4,PRJ_HC_APPROVAL,35745868.6200,1/1/0001 12:00:00 AM
99,Fast-tracked support to JRP priortized response,CBPF-BGD-26-R-UN-NSFT-39309,,,2026,1,United Nations Children's Fund,3,"Provision of multi-sectoral, life-saving WASH and Nutrition assistance for vulnerable Rohingya refugees in Bangladesh.",4/1/2026 12:00:00 AM,9/30/2026 12:00:00 AM,6 Months,8525000,7967290,0,3/10/2026 2:18:32 PM,121500##144111##151978##140937,"4- Likely to contribute to gender equality, including across age groups",Disbursement,5,PRJ_DISBURSEMENT,35742839.3091,3/25/2026 3:57:43 PM
99,Fast-tracked support to JRP priortized response,CBPF-BGD-26-R-UN-NSFT-39314,,,2026,1,International Organization for Migration,3,Life-Saving Assistance for Rohingya Refugees in Cox’s Bazar,4/1/2026 12:00:00 AM,9/30/2026 12:00:00 AM,6 Months,1.256571E+07,1.174366E+07,0,3/10/2026 10:22:41 AM,159469##185289##184575##179253,"4- Likely to contribute to gender equality, including across age groups",Disbursement,5,PRJ_IP_CNT_SIG,35748897.9309,1/1/0001 12:00:00 AM
99,Fast-tracked support to JRP priortized response,CBPF-BGD-26-R-UN-NSFT-39317,,,2026,1,World Food Programme,3,Emergency Food and Nutrition Assistance for the Rohingya Refugees in Bangladesh,4/1/2026 12:00:00 AM,9/30/2026 12:00:00 AM,6 Months,9.6E+07,8.971962E+07,0,3/10/2026 5:44:29 AM,273970##277314##370147##328769,"4- Likely to contribute to gender equality, including across age groups",Disbursement,5,PRJ_DISBURSEMENT,35739809.9982,3/24/2026 12:22:16 AM
99,Fast-tracked support to JRP priortized response,CBPF-BGD-26-R-UN-NSFT-39321,,,2026,1,Food and Agriculture Organization of the United Nations,3,Preventing loss of life and shelter destruction through nature-based slope stabilization in Cox’s Bazar Rohingya camps,4/1/2026 12:00:00 AM,9/30/2026 12:00:00 AM,6 Months,584369,546139.3,0,3/10/2026 11:42:58 AM,560##240##0##0,"4- Likely to contribute to gender equality, including across age groups",Disbursement,5,PRJ_IP_CNT_SIG,35751927.2418,1/1/0001 12:00:00 AM
511,Lifesaving drougt response and refugee service stabilization in Kenya's ASAL and camps,CBPF-KEN-26-R-INGO-NSFT-39399,,,2026,1,Action Against Hunger,2,Samburu Emergency Nutrition and WASH Response - ACF,3/30/2026 12:00:00 AM,9/29/2026 12:00:00 AM,6 Months,614000,573831.8,0,3/23/2026 9:09:40 AM,4694##9569##24487##28172,"4- Likely to contribute to gender equality, including across age groups",Technical Review,3,PRJ_TR_DRFT,957921483.5190,1/1/0001 12:00:00 AM
511,Lifesaving drougt response and refugee service stabilization in Kenya's ASAL and camps,CBPF-KEN-26-R-INGO-NSFT-39404,,,2026,1,"International Rescue Committee, Inc.",2,Emergency integrated nutrition and primary health care for vulnerable refugees in Kakuma (Turkana) and Dadaab (Garissa) Refugee Camps,4/1/2026 12:00:00 AM,9/30/2026 12:00:00 AM,6 Months,1580267,1476885,0,3/20/2026 6:01:22 PM,67793##77330##45801##47469,"4- Likely to contribute to gender equality, including across age groups",Technical Review,3,PRJ_TR_DRFT,958082899.2210,1/1/0001 12:00:00 AM
511,Lifesaving drougt response and refugee service stabilization in Kenya's ASAL and camps,CBPF-KEN-26-R-INGO-NSFT-39425,,,2026,1,German Agro Action,2,"WASH Response for Drought-Affected Communities in Tana River County, Kenya",4/6/2026 12:00:00 AM,10/5/2026 12:00:00 AM,6 Months,894020.3,835533,0,3/23/2026 10:27:08 AM,25700##25700##27800##27800,"4- Likely to contribute to gender equality, including across age groups",Technical Review,3,PRJ_TR_DRFT,959858471.9430,1/1/0001 12:00:00 AM
511,Lifesaving drougt response and refugee service stabilization in Kenya's ASAL and camps,CBPF-KEN-26-R-INGO-NSFT-39438,,,2026,1,Concern Worldwide,2,Lifesaving Nutrition and WASH response for drought affected populations in Marsabit County,4/6/2026 12:00:00 AM,10/5/2026 12:00:00 AM,6 Months,1065519,995812.1,0,3/20/2026 11:13:38 AM,28224##27126##11105##9850,"4- Likely to contribute to gender equality, including across age groups",Technical Review,3,PRJ_TR_DRFT,959697056.2410,1/1/0001 12:00:00 AM
511,Lifesaving drougt response and refugee service stabilization in Kenya's ASAL and camps,CBPF-KEN-26-R-INGO-NSFT-39445,,,2026,1,ACTED - Kenya,2,Provision of food assistance to vulnerable households experiencing acute food insecurity in Samburu and Tana River Counties,4/1/2026 12:00:00 AM,9/30/2026 12:00:00 AM,6 Months,3045608,2846363,0,3/23/2026 9:03:45 AM,17732##18456##18454##19208,"4- Likely to contribute to gender equality, including across age groups",Technical Review,3,PRJ_TR_DRFT,960019887.6450,1/1/0001 12:00:00 AM
511,Lifesaving drougt response and refugee service stabilization in Kenya's ASAL and camps,CBPF-KEN-26-R-INGO-NSFT-39446,,,2026,1,World Vision Kenya,2,"Integrated life‑saving nutrition, WASH, and food assistance for the drought‑affected population in Wajir and Turkana Counties",4/6/2026 12:00:00 AM,10/5/2026 12:00:00 AM,6 Months,3876426,3622828,0,3/23/2026 10:24:12 AM,30081##37887##67658##70069,"4- Likely to contribute to gender equality, including across age groups",Technical Review,3,PRJ_TR_DRFT,958244314.9230,1/1/0001 12:00:00 AM
511,Lifesaving drougt response and refugee service stabilization in Kenya's ASAL and camps,CBPF-KEN-26-R-INGO-NSFT-39464,,,2026,1,"Save the Children Federation, Inc",2,Emergency integrated Nutrition and WASH response in Turkana County.,4/6/2026 12:00:00 AM,10/5/2026 12:00:00 AM,6 Months,873993,816815.9,0,3/23/2026 8:30:51 AM,16535##21692##31549##29622,"4- Likely to contribute to gender equality, including across age groups",Technical Review,3,PRJ_TR_DRFT,959939179.7940,1/1/0001 12:00:00 AM
511,Lifesaving drougt response and refugee service stabilization in Kenya's ASAL and camps,CBPF-KEN-26-R-UN-NSFT-39400,,,2026,1,World Food Programme,3,Life‑Saving Food Assistance and Essential Nutrition Support for Drought‑Affected  People in Arid Counties and Vulnerable Refugee in the Camps,3/26/2026 12:00:00 AM,9/25/2026 12:00:00 AM,6 Months,1.5E+07,1.401869E+07,0,3/20/2026 7:53:51 AM,100223##154728##136895##183371,"4- Likely to contribute to gender equality, including across age groups",Technical Review,3,PRJ_BUDGET_CLR,958002191.3700,1/1/0001 12:00:00 AM
511,Lifesaving drougt response and refugee service stabilization in Kenya's ASAL and camps,CBPF-KEN-26-R-UN-NSFT-39431,,,2026,1,UNICEF,3,"​Accelerating lifesaving Nutrition, WASH and Protection (Child Protection, survivors of violence and disability) services for communities affected by drought in priority Arid Counties &amp; refugee  camps",4/6/2026 12:00:00 AM,10/5/2026 12:00:00 AM,6 Months,8731405,8160192,0,3/23/2026 11:34:27 AM,107915##115160##115179##118184,"4- Likely to contribute to gender equality, including across age groups",Technical Review,3,PRJ_TR_DRFT,958325022.7740,1/1/0001 12:00:00 AM
511,Lifesaving drougt response and refugee service stabilization in Kenya's ASAL and camps,CBPF-KEN-26-R-UN-NSFT-39433,,,2026,1,The UN Refguee Agency,3,"Emergency WASH, Nutrition, primary healthcare, and Protection of services to vulnerable refugees in Kakuma, Dadaab and Kalobeyei Settlements",4/1/2026 12:00:00 AM,9/30/2026 12:00:00 AM,6 Months,1.024275E+07,9617605,0,3/23/2026 9:45:43 AM,143400##157740##200760##215100,"4- Likely to contribute to gender equality, including across age groups",Technical Review,3,PRJ_TR_DRFT,958163607.0720,1/1/0001 12:00:00 AM
511,Lifesaving drougt response and refugee service stabilization in Kenya's ASAL and camps,CBPF-KEN-26-R-UN-NSFT-39489,,,2026,1,International Organization for Migration,3,"Supporting Access to Shelter, Non-Food Items and Emergency WASH for Vulnerable Communities (SAFE HAVEN)",4/1/2026 12:00:00 AM,9/30/2026 12:00:00 AM,6 Months,2602905,2432622,0,3/23/2026 10:58:10 AM,45131##52979##43168##54941,,Technical Review,3,PRJ_TR_DRFT,960423426.9000,1/1/0001 12:00:00 AM
512,Urgent life-saving humanitarian assistance for the most hyper-prioritized needs in Uganda,CBPF-UGA-26-R-INGO-NSFT-39395,,,2026,1,Medical Teams International,2,Comprehensive Health and Nutrition Life Saving Project.,4/6/2026 12:00:00 AM,10/5/2026 12:00:00 AM,6 Months,4800000,4485982,0,3/27/2026 7:47:16 AM,133825##237683##34462##57911,"4- Likely to contribute to gender equality, including across age groups",Technical Review,3,PRJ_UND_TR_HFU,963537408.0000,1/1/0001 12:00:00 AM
512,Urgent life-saving humanitarian assistance for the most hyper-prioritized needs in Uganda,CBPF-UGA-26-R-INGO-NSFT-39401,,,2026,1,"International Rescue Committee, Inc.",2,"Emergency Lifesaving Integrated Protection Assistance for New Arrivals and Vulnerable Refugees in Adjumani, Palorinya, Palabek and Kiryandongo Refugee Settlements",3/30/2026 12:00:00 AM,9/29/2026 12:00:00 AM,6 Months,2321400,2169533,0,3/27/2026 7:43:17 AM,17183##33320##15428##16575,"4- Likely to contribute to gender equality, including across age groups",Technical Review,3,PRJ_UND_TR_HFU,962160000.0000,1/1/0001 12:00:00 AM
512,Urgent life-saving humanitarian assistance for the most hyper-prioritized needs in Uganda,CBPF-UGA-26-R-INGO-NSFT-39423,,,2026,1,Lutheran World Federation,2,"Safe Access to Emergency Sanitation and Hygiene Services in refugee-receiving settlements in Southwest, Midwest, West Nile and Northern Regions of Uganda",4/1/2026 12:00:00 AM,9/30/2026 12:00:00 AM,6 Months,1865385,1743351,0,3/26/2026 8:39:43 PM,23600##29500##33040##31860,"4- Likely to contribute to gender equality, including across age groups",Technical Review,3,PRJ_UND_TR_HFU,961511808.0000,1/1/0001 12:00:00 AM
512,Urgent life-saving humanitarian assistance for the most hyper-prioritized needs in Uganda,CBPF-UGA-26-R-INGO-NSFT-39452,,,2026,1,Danish Refugee Council,2,"Addressing Critical Needs in West Nile region, Uganda.",5/1/2026 12:00:00 AM,10/31/2026 12:00:00 AM,6 Months,1649650,1541729,0,3/27/2026 7:43:16 AM,2187##2475##2510##2473,"4- Likely to contribute to gender equality, including across age groups",Technical Review,3,PRJ_UND_TR_HFU,964914816.0000,1/1/0001 12:00:00 AM
512,Urgent life-saving humanitarian assistance for the most hyper-prioritized needs in Uganda,CBPF-UGA-26-R-INGO-NSFT-39465,,,2026,1,War Child Netherlands,2,LIFESPAN –Life-Saving Protection Assistance for refugees Needs in Uganda,4/1/2026 12:00:00 AM,9/30/2026 12:00:00 AM,6 Months,535000,500000,0,3/27/2026 7:57:28 AM,0##0##4200##4200,"4- Likely to contribute to gender equality, including across age groups",Technical Review,3,PRJ_UND_TR_HFU,963375360.0000,1/1/0001 12:00:00 AM
512,Urgent life-saving humanitarian assistance for the most hyper-prioritized needs in Uganda,CBPF-UGA-26-R-INGO-NSFT-39491,,,2026,1,Norwegian Refugee Council,2,"Provision of urgent life-saving humanitarian assistance for the most hyper-prioritized needs in Kampala Urban, Midwest and Southwestern Uganda",4/6/2026 12:00:00 AM,10/5/2026 12:00:00 AM,6 Months,2699980,2523346,0,3/27/2026 7:54:57 AM,6981##13002##6214##9603,"4- Likely to contribute to gender equality, including across age groups",Technical Review,3,PRJ_UND_TR_HFU,961592832.0000,1/1/0001 12:00:00 AM
512,Urgent life-saving humanitarian assistance for the most hyper-prioritized needs in Uganda,CBPF-UGA-26-R-UN-NSFT-39388,,,2026,1,World Food Programme,3,Food security response for refugees and malnutrition treatment for vulnerable populations with acute malnutrition in Karamoja,4/15/2026 12:00:00 AM,10/14/2026 12:00:00 AM,6 Months,2.8569E+07,2.67E+07,0,3/27/2026 9:47:53 AM,162250##208900##181250##227290,2- Unlikely to contribute to gender equality (no gender equality measure but includes age consideration),Technical Review,3,PRJ_UND_TR_HFU,962241024.0000,1/1/0001 12:00:00 AM
512,Urgent life-saving humanitarian assistance for the most hyper-prioritized needs in Uganda,CBPF-UGA-26-R-UN-NSFT-39455,,,2026,1,The UN Refugee Agency,3,"Protection and multi-sector assistance for new refugee arrivals and vulnerable caseloads at settlements, in transit/reception centres and Kampala",4/6/2026 12:00:00 AM,10/5/2026 12:00:00 AM,6 Months,2.524816E+07,2.370719E+07,0,3/28/2026 5:31:10 PM,390000##375000##345000##390000,"4- Likely to contribute to gender equality, including across age groups",Technical Review,3,PRJ_UND_TR_HFU,961430784.0000,1/1/0001 12:00:00 AM
512,Urgent life-saving humanitarian assistance for the most hyper-prioritized needs in Uganda,CBPF-UGA-26-R-UN-NSFT-39490,,,2026,1,United Nations Children's Fund,3,Lifesaving nutrition response for the severe acute malnourished children in  Karamoja and refugee communities,4/6/2026 12:00:00 AM,10/5/2026 12:00:00 AM,6 Months,5214994,4873826,0,3/27/2026 8:29:14 AM,0##0##54709##56941,"4- Likely to contribute to gender equality, including across age groups",Technical Review,3,PRJ_UND_TR_HFU,961349760.0000,1/1/0001 12:00:00 AM
